Date,Oxygen Consumption,Ammonia Nitrogen,PH,Dissolved Oxygen
2017-11-21,5.04,0.08,8.2,11.2
2017-11-20,4.56,0.11,8.4,10.3
2017-11-19,5.02,0.12,8.2,9.7
2017-11-18,4.31,0.08,7.8,8.7
2017-11-17,4.59,0.09,8.0,8.9
2017-11-16,4.94,0.09,8.9,9.8
2017-11-15,4.63,0.09,8.9,9.8
2017-11-14,4.24,0.09,8.9,9.8
2017-11-13,5.24,0.08,8.9,10.3
2017-11-12,5.28,0.1,8.9,9.7
2017-11-11,4.88,0.08,8.8,9.4
2017-11-10,4.59,0.08,8.5,9.0
2017-11-09,4.64,0.08,8.5,9.0
2017-11-08,4.43,0.09,8.3,9.4
2017-11-07,4.66,0.09,8.4,9.1
2017-11-06,4.78,0.09,8.5,9.0
2017-11-05,4.9,0.07,8.4,9.3
2017-11-04,4.88,0.09,8.3,9.0
2017-11-03,4.67,0.09,8.1,8.6
2017-11-02,4.72,0.09,8.4,9.1
2017-11-01,4.62,0.09,8.2,9.3
2017-10-31,5.04,0.07,8.2,9.7
2017-10-30,5.05,0.1,8.0,8.6
2017-10-29,4.67,0.1,8.0,8.6
2017-10-28,4.39,0.09,7.8,8.5
2017-10-27,4.8,0.1,7.8,8.7
2017-10-26,4.84,0.09,8.0,8.8
2017-10-25,4.83,0.07,7.8,8.4
2017-10-24,4.64,0.08,7.8,8.6
2017-10-23,4.23,0.09,8.0,8.7
2017-10-22,4.48,0.08,8.3,8.5
2017-10-21,4.47,0.1,8.0,8.9
2017-10-20,4.24,0.1,7.9,8.8
2017-10-19,4.54,0.08,7.9,9.0
2017-10-18,4.47,0.1,7.9,8.4
2017-10-17,4.43,0.1,7.7,8.3
2017-10-16,4.99,0.13,7.9,8.3
2017-10-15,4.7,0.09,8.2,8.2
2017-10-14,4.53,0.1,8.0,7.6
2017-10-13,4.67,0.1,8.0,7.4
2017-10-12,5.09,0.11,8.0,6.7
2017-10-11,4.89,0.09,8.7,7.0
2017-10-10,4.67,0.1,8.7,7.8
2017-10-09,4.48,0.11,7.7,7.0
2017-10-08,4.36,0.11,7.5,6.9
2017-10-07,4.24,0.1,7.6,7.1
2017-10-06,4.93,0.11,7.5,6.7
2017-10-05,4.94,0.11,7.5,6.6
2017-10-04,4.73,0.11,7.5,6.7
2017-10-03,4.83,0.1,7.5,5.5
2017-10-02,4.9,0.1,7.5,6.1
2017-10-01,4.83,0.1,7.4,5.3
2017-09-30,5.04,0.12,7.5,6.3
2017-09-29,4.64,0.09,7.5,6.4
2017-09-28,4.75,0.12,7.5,5.0
2017-09-27,5.07,0.1,7.3,4.0
2017-09-26,4.85,0.1,7.4,4.4
2017-09-25,5.2,0.11,7.5,5.6
2017-09-24,5.28,0.12,7.4,5.0
2017-09-23,5.03,0.11,7.5,4.2
2017-09-22,4.94,0.12,7.4,4.4
2017-09-21,5.04,0.1,7.4,4.3
2017-09-20,4.75,0.13,7.8,5.0
2017-09-20,4.75,0.13,7.8,5.0
2017-09-19,4.81,0.13,8.3,5.9
2017-09-18,5.12,0.11,7.9,6.3
2017-09-17,5.17,0.11,7.6,5.7
2017-09-16,4.66,0.14,7.6,5.0
2017-09-15,5.08,0.11,7.6,5.3
2017-09-14,4.64,0.11,7.5,4.9
2017-09-13,4.72,0.11,7.6,5.2
2017-09-12,4.66,0.12,7.5,5.0
2017-09-11,5.04,0.12,7.5,4.1
2017-09-10,4.24,0.11,7.5,4.5
2017-09-09,5.12,0.12,7.6,6.2
2017-09-08,5.24,0.11,7.5,5.0
2017-09-07,4.56,0.1,7.5,4.7
2017-09-06,4.56,0.14,7.4,4.4
2017-09-05,5.12,0.13,7.5,4.8
2017-09-04,5.12,0.13,7.5,5.0
2017-09-03,4.56,0.14,7.4,7.5
2017-09-02,4.72,0.11,7.5,5.5
2017-09-01,4.8,0.12,7.3,4.2
2017-08-31,4.6,0.15,7.4,5.0
2017-08-30,4.59,0.12,7.4,4.0
2017-08-29,5.29,0.11,7.4,4.0
2017-08-28,5.25,0.12,7.4,4.3
2017-08-27,5.14,0.09,7.4,5.0
2017-08-26,5.22,0.1,7.4,4.0
2017-08-25,5.2,0.11,7.3,4.3
2017-08-24,5.06,0.14,7.3,4.0
2017-08-23,4.97,0.12,7.3,5.0
2017-08-22,4.56,0.11,7.5,4.0
2017-08-21,5.01,0.1,7.4,4.3
2017-08-20,5.27,0.11,7.5,4.5
2017-08-19,5.06,0.08,7.4,5.0
2017-08-18,5.05,0.12,7.5,4.0
2017-08-17,4.73,0.11,7.5,4.8
2017-08-16,4.64,0.1,7.4,5.0
2017-08-15,4.73,0.12,7.3,5.0
2017-08-14,4.68,0.11,7.4,4.0
2017-08-13,5.09,0.12,7.4,4.0
2017-08-12,5.3,0.13,7.5,4.8
2017-08-11,4.73,0.13,7.4,5.0
2017-08-10,4.84,0.19,7.4,4.0
2017-08-09,4.93,0.1,7.5,3.9
2017-08-08,5.04,0.1,7.6,4.7
2017-08-07,4.93,0.11,7.6,5.0
2017-08-06,4.77,0.1,7.5,4.0
2017-08-05,5.41,0.12,7.5,4.2
2017-08-04,4.62,0.11,7.5,4.8
2017-08-03,4.8,0.09,7.4,5.0
2017-08-02,4.91,0.11,7.5,4.0
2017-08-01,5.17,0.11,7.5,4.0
2017-07-31,5.46,0.1,7.5,3.8
2017-07-30,4.69,0.1,7.9,5.0
2017-07-29,4.98,0.1,8.9,4.1
2017-07-28,4.51,0.1,8.3,4.9
2017-07-27,4.15,0.09,7.6,5.0
2017-07-26,4.16,0.09,7.5,5.0
2017-07-25,3.76,0.1,7.5,4.5
2017-07-24,3.56,0.1,7.5,4.7
2017-07-23,3.76,0.09,7.5,4.6
2017-07-22,3.9,0.08,7.5,5.0
2017-07-21,3.76,0.1,7.5,4.5
2017-07-20,3.56,0.1,7.6,4.2
2017-07-19,3.88,0.09,7.6,4.8
2017-07-18,3.88,0.09,7.6,5.0
2017-07-17,3.92,0.1,7.5,4.4
2017-07-16,4.52,0.1,7.6,4.5
2017-07-15,4.12,0.1,7.6,4.8
2017-07-14,4.44,0.1,7.4,5.0
2017-07-13,3.84,0.1,7.4,3.0
2017-07-12,4.57,0.12,7.5,4.6
2017-07-11,4.73,0.11,7.5,5.6
2017-07-10,4.8,0.12,7.5,5.3
2017-07-09,4.08,0.1,7.6,4.6
2017-07-08,4.51,0.1,7.5,4.5
2017-07-07,4.52,0.09,7.5,5.0
2017-07-06,4.32,0.1,7.5,7.7
2017-07-05,4.16,0.1,7.5,4.6
2017-07-04,4.4,0.12,7.5,4.5
2017-07-03,4.75,0.1,7.6,4.6
2017-07-02,4.44,0.14,7.6,5.0
2017-07-01,4.96,0.01,7.8,4.8
2017-06-30,4.28,0.1,7.9,5.0
2017-06-29,4.86,0.1,7.8,5.1
2017-06-28,5.2,0.1,8.4,5.4
2017-06-27,4.48,0.1,8.1,5.4
2017-06-26,4.51,0.11,7.8,5.6
2017-06-25,4.48,0.11,7.7,4.9
2017-06-24,4.89,0.13,7.6,5.0
2017-06-23,4.32,0.37,7.5,4.7
2017-06-22,4.68,0.12,7.6,5.0
2017-06-21,4.73,0.1,7.7,4.7
2017-06-20,4.72,0.08,7.9,7.7
2017-06-19,4.53,0.09,8.0,5.1
2017-06-18,4.28,0.1,8.5,5.7
2017-06-17,4.4,0.11,8.5,5.8
2017-06-17,4.4,0.11,8.5,5.8
2017-06-17,4.4,0.11,8.5,5.8
2017-06-17,4.4,0.11,8.5,5.8
2017-06-17,4.4,0.11,8.5,5.8
2017-06-16,4.32,0.08,8.3,5.8
2017-06-15,4.24,0.09,8.1,6.0
2017-06-14,4.92,0.09,7.6,5.1
2017-06-13,4.93,0.1,7.7,5.4
2017-06-12,5.18,0.13,7.7,5.1
2017-06-11,4.48,0.16,7.5,3.4
2017-06-10,5.04,0.11,7.6,4.5
2017-06-09,4.93,0.09,7.7,5.3
2017-06-08,4.65,0.08,7.5,5.2
2017-06-07,4.88,0.11,7.5,5.1
2017-06-06,4.8,0.1,7.6,5.5
2017-06-05,4.89,0.1,7.5,5.1
2017-06-04,4.87,0.07,7.5,5.0
2017-06-03,4.98,0.1,7.5,4.6
2017-06-02,4.47,0.09,7.6,4.6
2017-06-01,4.54,0.1,7.6,4.8
2017-05-31,4.48,0.08,7.8,5.0
2017-05-30,4.55,0.11,7.9,5.2
2017-05-29,4.39,0.09,8.0,5.6
2017-05-28,4.83,0.1,8.1,6.2
2017-05-27,5.28,0.07,7.8,6.0
2017-05-26,5.18,0.11,7.7,5.7
2017-05-25,4.57,0.09,7.7,5.8
2017-05-24,5.19,0.08,7.8,5.8
2017-05-23,4.75,0.08,8.7,6.2
2017-05-22,5.8,0.1,8.0,5.1
2017-05-21,5.09,0.09,8.9,6.9
2017-05-20,4.47,0.09,8.7,6.3
2017-05-19,5.2,0.1,8.9,7.6
2017-05-18,5.33,0.11,8.8,8.6
2017-05-17,4.73,0.08,8.7,7.6
2017-05-16,5.09,0.09,8.5,7.6
2017-05-15,5.44,0.09,8.7,7.4
2017-05-14,4.28,0.09,8.2,7.6
2017-05-13,4.94,0.08,8.0,7.3
2017-05-12,4.7,0.1,8.1,7.7
2017-05-11,4.28,0.09,7.8,7.8
2017-05-10,4.32,0.12,7.7,7.3
2017-05-09,4.7,0.09,7.7,7.1
2017-05-08,5.28,0.1,7.8,7.4
2017-05-07,4.0,0.09,7.7,7.7
2017-05-06,4.48,0.09,7.7,8.9
2017-05-05,4.84,0.09,7.7,9.3
2017-05-04,4.72,0.08,7.7,9.6
2017-05-03,4.32,0.08,7.8,9.6
2017-05-02,4.32,0.08,8.2,9.0
2017-05-01,5.17,0.08,8.3,9.0
2017-04-30,4.72,0.08,8.7,9.3
2017-04-29,4.64,0.06,8.7,9.4
2017-04-28,4.75,0.09,8.2,9.2
2017-04-27,4.8,0.09,8.3,9.2
2017-04-26,4.48,0.12,8.5,9.6
2017-04-25,5.2,0.07,8.5,9.5
2017-04-24,4.32,0.1,7.9,9.2
2017-04-23,4.04,0.09,7.8,9.3
2017-04-22,4.08,0.1,7.7,9.3
2017-04-21,3.8,0.08,7.7,7.4
2017-04-20,4.72,0.09,7.7,7.4
2017-04-19,4.51,0.1,7.7,7.0
2017-04-18,4.04,0.1,7.7,7.9
2017-04-17,4.08,0.09,7.6,7.6
2017-04-16,3.64,0.09,7.6,7.9
2017-04-15,4.0,0.09,7.7,9.0
2017-04-14,4.48,0.12,7.7,8.7
2017-04-13,4.24,0.08,7.6,9.1
2017-04-12,4.44,0.09,7.6,9.1
2017-04-11,4.52,0.09,7.7,9.6
2017-04-10,4.12,0.09,7.7,9.5
2017-04-09,4.77,0.11,7.6,8.9
2017-04-08,4.18,0.08,7.7,8.0
2017-04-07,4.04,0.08,7.8,8.7
2017-04-06,4.2,0.1,7.7,8.4
2017-04-05,4.69,0.11,7.9,9.1
2017-04-04,4.78,0.09,8.0,9.0
2017-04-03,4.48,0.1,8.0,9.4
2017-04-02,4.85,0.11,7.8,9.8
2017-04-01,4.85,0.09,7.8,9.5
2017-03-31,4.12,0.1,7.8,9.6
2017-03-30,3.99,0.1,7.9,10.6
2017-03-29,4.44,0.11,7.8,10.0
2017-03-28,4.56,0.1,7.7,10.1
2017-03-27,4.78,0.1,7.7,11.0
2017-03-26,3.9,0.12,7.7,11.2
2017-03-25,4.28,0.09,7.7,10.6
2017-03-24,4.44,0.09,7.7,10.5
2017-03-23,4.39,0.09,7.7,11.5
2017-03-22,4.31,0.1,7.7,10.6
2017-03-21,4.52,0.11,7.7,10.7
2017-03-20,4.86,0.12,7.7,11.3
2017-03-19,4.57,0.09,7.7,10.0
2017-03-18,4.73,0.1,7.9,10.7
2017-03-17,4.08,0.1,7.8,10.7
2017-03-16,4.65,0.11,7.7,10.3
2017-03-15,4.28,0.08,7.6,10.6
2017-03-14,4.24,0.1,7.7,11.2
2017-03-13,4.48,0.09,7.7,10.6
2017-03-12,4.94,0.12,7.7,10.9
2017-03-11,4.9,0.1,7.8,10.3
2017-03-10,4.28,0.1,7.8,10.5
2017-03-09,4.2,0.09,7.9,10.8
2017-03-08,4.65,0.11,7.9,10.4
2017-03-07,4.65,0.09,7.9,10.7
2017-03-06,4.2,0.11,7.8,11.0
2017-03-05,4.16,0.1,7.7,11.0
2017-03-04,4.57,0.1,7.7,10.8
2017-03-03,4.88,0.12,7.7,10.8
2017-03-02,5.15,0.11,7.7,10.8
2017-03-01,4.93,0.11,7.9,11.7
2017-02-28,4.73,0.12,7.8,11.4
2017-02-27,4.49,0.1,7.7,11.3
2017-02-26,4.2,0.11,7.7,11.7
2017-02-25,4.08,0.11,7.7,12.4
2017-02-24,4.08,0.11,7.7,12.4
2017-02-23,4.96,0.1,7.6,11.2
2017-02-22,4.8,0.11,7.6,11.1
2017-02-21,4.6,0.11,7.7,11.2
2017-02-20,5.1,0.09,7.7,11.1
2017-02-19,4.72,0.1,8.0,11.2
2017-02-18,4.56,0.11,7.7,11.8
2017-02-17,4.28,0.1,8.1,11.7
2017-02-16,4.36,0.11,7.9,12.3
2017-02-15,4.64,0.11,7.9,12.0
2017-02-14,4.48,0.11,7.9,12.1
2017-02-13,4.32,0.08,7.9,12.2
2017-02-12,4.69,0.08,7.7,12.3
2017-02-11,4.81,0.09,7.7,12.1
2017-02-10,4.64,0.1,7.8,12.0
2017-02-09,4.68,0.08,7.9,11.8
2017-02-08,4.98,0.1,7.7,12.1
2017-02-07,4.44,0.09,7.9,11.9
2017-02-06,3.92,0.1,7.7,12.1
2017-02-05,3.88,0.08,7.7,12.3
2017-02-04,4.04,0.08,7.7,12.1
2017-02-03,4.18,0.09,7.8,12.3
2017-02-02,3.96,0.1,7.6,11.9
2017-02-01,4.08,0.09,7.7,11.8
2017-01-31,4.36,0.08,7.6,11.1
2017-01-30,4.12,0.12,7.7,11.0
2017-01-29,4.16,0.1,7.6,12.0
2017-01-28,4.12,0.09,7.5,12.2
2017-01-27,3.83,0.1,7.5,12.7
2017-01-26,3.92,0.1,7.7,12.1
2017-01-25,4.21,0.09,7.6,12.3
2017-01-24,4.24,0.11,7.7,12.7
2017-01-23,3.91,0.1,7.5,13.2
2017-01-22,4.08,0.12,7.6,12.1
2017-01-21,4.4,0.11,7.6,12.2
2017-01-20,4.03,0.11,7.6,12.0
2017-01-19,3.95,0.12,7.7,11.6
2017-01-18,4.12,0.12,7.7,11.7
2017-01-17,4.32,0.1,7.7,12.4
2017-01-16,4.08,0.1,7.7,12.3
2017-01-15,4.31,0.08,7.6,11.8
2017-01-14,4.62,0.11,7.6,11.2
2017-01-13,4.08,0.12,7.5,11.1
2017-01-12,4.03,0.09,7.6,10.9
2017-01-11,4.84,0.09,7.5,11.5
2017-01-10,3.92,0.1,7.6,11.5
2017-01-09,4.77,0.09,7.6,10.9
2017-01-08,4.81,0.09,7.6,11.2
2017-01-07,4.15,0.07,7.5,11.3
2017-01-06,4.54,0.09,7.7,11.3
2017-01-05,4.65,0.1,7.7,11.5
2017-01-04,4.52,0.1,7.7,11.7
2017-01-03,3.87,0.08,7.6,11.7
2017-01-02,4.47,0.1,7.8,11.9
2017-01-01,4.43,0.1,7.8,11.9
2016-12-31,4.81,0.09,7.8,12.3
2016-12-30,5.19,0.09,7.5,11.9
2016-12-29,5.14,0.11,7.5,11.8
2016-12-28,4.77,0.09,7.6,11.6
2016-12-27,4.85,0.09,7.6,11.3
2016-12-26,4.31,0.09,7.5,11.0
2016-12-25,4.36,0.09,7.5,10.8
2016-12-24,5.01,0.11,7.6,10.7
2016-12-23,5.3,0.08,7.6,10.9
2016-12-22,4.77,0.12,7.5,10.5
2016-12-21,4.65,0.11,7.6,11.6
2016-12-20,4.44,0.11,7.6,11.2
2016-12-19,3.87,0.1,7.6,11.6
2016-12-18,4.24,0.1,7.6,11.5
2016-12-17,5.33,0.1,7.7,11.8
2016-12-16,5.09,0.11,7.6,11.1
2016-12-15,4.81,0.09,7.7,10.7
2016-12-14,4.81,0.09,7.6,10.7
2016-12-13,4.04,0.1,7.7,10.5
2016-12-12,4.72,0.11,7.7,10.3
2016-12-11,4.32,0.1,7.9,10.8
2016-12-10,4.52,0.1,7.7,10.4
2016-12-09,3.98,0.1,7.6,10.7
2016-12-08,3.5,0.14,7.8,9.48
2016-12-07,3.91,0.08,7.8,10.0
2016-12-06,4.03,0.09,8.0,11.5
2016-12-05,3.64,0.1,7.9,10.8
2016-12-04,4.0,0.1,7.9,11.4
2016-12-03,3.87,0.09,7.7,11.0
2016-12-02,3.67,0.06,7.6,11.2
2016-12-01,3.92,0.09,7.6,11.4
2016-11-30,3.83,0.11,7.6,10.5
2016-11-29,3.95,0.09,7.5,11.0
2016-11-28,4.11,0.11,7.5,10.7
2016-11-27,4.21,0.1,7.6,10.5
2016-11-26,4.32,0.1,7.6,10.3
2016-11-25,4.36,0.09,7.6,10.3
2016-11-24,5.06,0.09,7.5,10.04
2016-11-23,4.04,0.1,7.5,9.3
2016-11-22,4.32,0.11,7.6,8.6
2016-11-21,4.16,0.11,7.6,8.8
2016-11-20,3.72,0.13,7.5,8.6
2016-11-19,3.84,0.09,7.6,8.7
2016-11-18,3.68,0.11,7.6,9.0
2016-11-17,4.36,0.1,7.6,9.1
2016-11-16,3.92,0.08,7.7,9.2
2016-11-15,3.76,0.1,7.6,9.0
2016-11-14,3.96,0.11,7.6,9.0
2016-11-13,4.08,0.11,7.7,9.5
2016-11-12,4.28,0.11,7.7,9.6
2016-11-11,4.43,0.11,7.6,9.0
2016-11-10,4.08,0.11,7.6,8.9
2016-11-09,3.8,0.11,7.6,8.9
2016-11-08,4.52,0.09,7.8,8.8
2016-11-07,3.84,0.12,8.0,8.7
2016-11-06,4.04,0.11,7.9,8.6
2016-11-05,4.57,0.11,7.8,9.1
2016-11-04,4.61,0.09,7.7,9.0
2016-11-03,4.24,0.1,7.6,9.1
2016-11-02,4.32,0.11,7.6,8.5
2016-11-01,4.28,0.1,7.7,8.5
2016-10-31,4.2,0.11,7.5,8.5
2016-10-30,4.33,0.11,7.5,8.4
2016-10-29,4.4,0.1,7.6,7.9
2016-10-28,4.44,0.12,7.5,7.6
2016-10-27,4.24,0.09,7.6,7.7
2016-10-26,4.37,0.1,7.6,7.3
2016-10-25,4.75,0.11,7.6,7.3
2016-10-24,4.28,0.12,7.6,7.6
2016-10-23,4.94,0.12,7.6,7.3
2016-10-22,4.44,0.1,7.6,7.2
2016-10-21,4.48,0.11,7.6,7.5
2016-10-20,4.57,0.11,7.6,7.3
2016-10-19,4.69,0.09,7.6,7.5
2016-10-18,4.47,0.11,7.5,7.0
2016-10-17,4.36,0.11,7.5,7.3
2016-10-16,4.24,0.11,7.5,7.2
2016-10-15,4.52,0.13,7.4,7.0
2016-10-14,4.48,0.13,7.5,6.8
2016-10-13,4.28,0.12,7.5,6.9
2016-10-12,4.52,0.14,7.6,7.3
2016-10-11,4.32,0.1,7.5,7.0
2016-10-10,4.78,0.12,7.5,6.9
2016-10-09,5.06,0.12,7.6,6.8
2016-10-08,4.81,0.14,7.5,6.4
2016-10-07,5.01,0.11,7.5,6.4
2016-10-06,4.96,0.12,7.7,6.2
2016-10-05,4.64,0.12,7.5,6.2
2016-10-04,4.65,0.14,7.5,5.6
2016-10-03,4.32,0.12,7.4,5.2
2016-10-02,4.24,0.13,7.4,5.0
2016-10-01,4.67,0.12,7.5,5.8
2016-09-30,5.06,0.15,7.5,6.2
2016-09-29,5.27,0.12,7.6,5.3
2016-09-28,4.96,0.14,7.7,5.0
2016-09-27,5.28,0.12,7.7,5.3
2016-09-26,4.97,0.12,7.7,5.4
2016-09-25,5.27,0.12,7.6,5.7
2016-09-24,5.07,0.12,7.6,5.3
2016-09-23,5.3,0.11,7.5,5.6
2016-09-22,5.07,0.15,7.4,4.8
2016-09-21,4.77,0.11,7.4,6.4
2016-09-20,4.96,0.14,7.4,5.8
2016-09-19,4.99,0.12,7.4,5.7
2016-09-18,5.44,0.12,7.4,5.1
2016-09-17,4.94,0.12,7.4,5.8
2016-09-16,4.41,0.15,7.4,5.6
2016-09-15,5.38,0.1,7.5,5.2
2016-09-14,5.49,0.1,7.7,5.2
2016-09-13,4.97,0.08,7.6,5.2
2016-09-12,5.12,0.08,7.5,4.4
2016-09-11,4.85,0.1,7.7,5.0
2016-09-10,5.36,0.09,8.1,5.6
2016-09-09,4.77,0.09,7.7,5.2
2016-09-08,4.99,0.09,7.5,4.7
2016-09-07,4.67,0.09,7.6,4.8
2016-09-06,4.77,0.1,7.8,4.7
2016-09-05,4.52,0.09,7.7,4.9
2016-09-04,4.36,0.1,7.7,4.3
2016-09-03,4.72,0.09,7.9,5.3
2016-09-02,4.24,0.09,8.1,6.0
2016-09-01,4.73,0.09,8.1,6.5
2016-08-31,5.07,0.11,7.7,5.7
2016-08-30,4.96,0.11,7.5,5.2
2016-08-29,4.36,0.09,7.5,5.1
2016-08-28,4.65,0.08,7.8,5.0
2016-08-27,4.57,0.08,8.0,4.4
2016-08-26,4.4,0.09,8.1,4.9
2016-08-25,4.69,0.08,7.8,4.6
2016-08-24,4.97,0.09,7.8,5.5
2016-08-23,4.59,0.11,7.9,4.2
2016-08-22,4.52,0.08,7.8,4.3
2016-08-21,4.57,0.1,7.9,4.2
2016-08-20,4.89,0.08,7.8,4.5
2016-08-19,4.78,0.1,7.9,4.3
2016-08-18,4.97,0.1,7.8,4.1
2016-08-17,5.14,0.12,8.4,4.8
2016-08-16,4.81,0.1,8.1,5.6
2016-08-15,4.67,0.09,7.9,5.0
2016-08-14,4.91,0.14,8.3,5.3
2016-08-13,4.8,0.08,8.0,4.8
2016-08-12,4.6,0.1,8.5,5.0
2016-08-11,4.64,0.11,8.0,4.8
2016-08-10,5.13,0.09,8.5,5.3
2016-08-09,5.38,0.07,8.7,5.2
2016-08-08,4.48,0.09,8.5,5.8
2016-08-07,4.24,0.07,8.7,6.0
2016-08-06,5.59,0.08,8.7,5.3
2016-08-05,5.44,0.08,8.7,6.2
2016-08-04,4.48,0.09,8.7,5.6
2016-08-03,4.32,0.07,8.6,5.8
2016-08-02,4.73,0.08,8.6,5.0
2016-08-01,4.65,0.09,8.7,5.0
2016-07-31,5.35,0.08,8.7,5.0
2016-07-30,3.96,0.07,7.9,5.0
2016-07-29,3.8,0.1,8.0,5.3
2016-07-28,4.28,0.09,8.2,5.6
2016-07-27,4.48,0.07,7.9,4.1
2016-07-26,4.83,0.08,8.1,4.8
2016-07-25,4.32,0.09,7.9,5.1
2016-07-24,3.76,0.08,7.5,4.3
2016-07-23,4.0,0.09,7.6,4.8
2016-07-22,3.31,0.07,7.8,5.0
2016-07-21,4.16,0.09,8.5,6.3
2016-07-20,4.56,0.08,8.6,6.4
2016-07-19,4.96,0.08,8.5,5.6
2016-07-18,4.64,0.09,8.5,6.4
2016-07-17,4.67,0.09,7.7,5.4
2016-07-16,3.96,0.08,8.0,6.4
2016-07-15,3.67,0.07,8.0,6.2
2016-07-14,4.53,0.07,7.7,5.4
2016-07-13,4.32,0.07,8.7,7.4
2016-07-12,4.12,0.09,8.7,7.9
2016-07-11,4.6,0.07,7.8,6.6
2016-07-10,4.32,0.08,7.9,6.0
2016-07-09,4.44,0.08,7.9,6.15
2016-07-08,3.64,0.08,8.1,6.9
2016-07-07,3.84,0.07,8.3,7.2
2016-07-06,3.39,0.07,8.1,7.2
2016-07-05,3.84,0.08,8.1,7.7
2016-07-04,3.37,0.09,7.7,7.2
2016-07-03,3.53,0.07,7.7,7.2
2016-07-02,3.36,0.07,7.8,7.4
2016-07-01,3.55,0.09,7.9,7.6
2016-06-30,3.54,0.08,7.8,7.6
2016-06-29,3.98,0.07,7.7,7.4
2016-06-28,4.44,0.09,7.8,7.1
2016-06-27,3.88,0.08,7.9,7.5
2016-06-26,3.23,0.08,7.7,7.1
2016-06-25,3.34,0.08,7.7,6.4
2016-06-24,4.08,0.11,7.7,6.5
2016-06-23,3.47,0.1,7.6,6.6
2016-06-22,3.64,0.1,7.6,6.3
2016-06-21,4.31,0.1,7.9,6.7
2016-06-20,4.95,0.1,8.3,6.8
2016-06-19,4.44,0.11,8.9,7.4
2016-06-18,4.24,0.1,8.9,7.9
2016-06-17,4.89,0.1,8.8,8.1
2016-06-16,4.41,0.09,8.6,7.6
2016-06-15,4.69,0.09,8.7,8.0
2016-06-14,4.8,0.1,8.2,7.3
2016-06-13,4.36,0.11,8.1,6.8
2016-06-12,4.45,0.11,8.1,6.6
2016-06-11,4.0,0.11,8.0,6.1
2016-06-10,5.0,0.08,8.4,7.0
2016-06-09,4.48,0.09,8.5,6.6
2016-06-08,4.24,0.08,8.5,7.2
2016-06-07,4.77,0.09,8.6,7.4
2016-06-06,4.32,0.1,8.7,7.8
2016-06-05,4.48,0.1,8.1,7.6
2016-06-04,4.83,0.1,8.4,7.7
2016-06-03,4.8,0.09,8.9,8.1
2016-06-02,4.93,0.1,8.5,8.2
2016-06-01,4.94,0.11,8.6,7.9
2016-05-31,4.53,0.1,8.3,8.0
2016-05-30,3.92,0.07,8.3,7.6
2016-05-29,4.24,0.08,8.5,7.6
2016-05-28,4.36,0.08,8.7,8.0
2016-05-27,4.33,0.1,8.4,7.7
2016-05-26,4.24,0.1,8.6,8.0
2016-05-25,4.89,0.08,8.9,9.3
2016-05-24,4.4,0.08,8.7,8.7
2016-05-23,4.53,0.07,8.2,8.8
2016-05-22,4.43,0.08,8.5,8.4
2016-05-21,4.52,0.1,8.6,8.0
2016-05-20,5.14,0.07,8.7,9.2
2016-05-19,5.31,0.07,8.8,9.7
2016-05-18,4.81,0.07,8.2,8.7
2016-05-17,4.64,0.11,8.0,8.2
2016-05-16,4.65,0.09,7.8,7.8
2016-05-15,4.33,0.08,7.8,7.5
2016-05-14,4.4,0.1,7.8,7.9
2016-05-13,4.56,0.09,7.7,8.1
2016-05-12,4.4,0.1,8.0,8.7
2016-05-11,4.2,0.08,7.8,8.3
2016-05-10,4.24,0.1,7.8,8.3
2016-05-09,4.16,0.12,7.7,8.9
2016-05-08,4.65,0.09,7.7,8.5
2016-05-07,4.49,0.1,7.8,7.3
2016-05-06,4.24,0.11,7.7,8.1
2016-05-05,4.77,0.12,7.7,7.9
2016-05-04,4.16,0.09,7.7,8.7
2016-05-03,4.37,0.12,7.8,7.8
2016-05-02,4.56,0.09,7.7,8.1
2016-05-01,4.48,0.1,7.7,8.2
2016-04-30,4.26,0.1,7.7,8.2
2016-04-29,4.41,0.09,7.8,8.3
2016-04-28,4.4,0.09,7.7,8.7
2016-04-27,4.73,0.11,7.7,8.6
2016-04-26,4.6,0.09,7.7,9.5
2016-04-25,4.72,0.09,7.8,8.2
2016-04-24,4.81,0.11,7.7,8.7
2016-04-23,4.85,0.12,7.8,7.9
2016-04-22,4.6,0.08,7.7,8.6
2016-04-21,4.64,0.11,7.8,8.4
2016-04-20,4.2,0.09,7.8,8.6
2016-04-19,5.2,0.1,7.8,8.2
2016-04-18,4.48,0.09,7.9,8.5
2016-04-17,4.34,0.13,8.0,7.5
2016-04-16,4.21,0.09,8.1,8.0
2016-04-15,5.06,0.1,8.1,8.3
2016-04-14,4.77,0.11,8.1,8.3
2016-04-13,4.25,0.08,8.2,8.1
2016-04-12,5.23,0.09,8.3,8.9
2016-04-11,4.89,0.08,8.3,9.2
2016-04-10,4.67,0.07,8.0,9.5
2016-04-09,4.46,0.08,8.1,9.2
2016-04-08,4.2,0.09,8.0,9.1
2016-04-07,4.85,0.09,8.1,8.9
2016-04-06,5.15,0.07,8.5,9.4
2016-04-05,4.8,0.07,8.4,9.5
2016-04-04,4.31,0.1,8.1,9.2
2016-04-03,4.6,0.09,8.1,9.0
2016-04-02,4.65,0.07,8.5,10.0
2016-04-01,4.46,0.08,8.3,10.4
2016-03-31,4.5,0.1,8.1,10.1
2016-03-30,4.97,0.1,8.1,9.7
2016-03-29,4.77,0.1,8.0,9.9
2016-03-28,4.86,0.11,8.0,9.9
2016-03-27,4.32,0.09,8.1,9.9
2016-03-26,4.28,0.09,8.1,10.1
2016-03-25,4.56,0.07,8.0,10.2
2016-03-24,4.88,0.1,8.1,9.4
2016-03-23,4.61,0.11,8.0,8.6
2016-03-22,4.69,0.09,8.1,9.8
2016-03-21,5.06,0.07,8.1,10.2
2016-03-20,4.58,0.08,8.1,10.4
2016-03-19,4.44,0.1,7.7,9.8
2016-03-18,4.44,0.1,7.8,10.2
2016-03-17,4.52,0.07,7.7,10.6
2016-03-16,4.61,0.08,7.9,10.5
2016-03-15,4.57,0.11,7.7,10.4
2016-03-14,4.56,0.14,7.7,10.5
2016-03-13,4.36,0.1,7.7,10.8
2016-03-12,4.9,0.19,7.7,10.7
2016-03-11,4.16,0.12,7.7,10.5
2016-03-10,4.4,0.13,7.7,10.2
2016-03-09,4.68,0.11,7.7,9.8
2016-03-08,4.65,0.07,8.1,10.5
2016-03-07,4.32,0.09,8.1,10.1
2016-03-06,4.69,0.08,8.1,10.5
2016-03-05,4.73,0.06,8.0,10.6
2016-03-04,4.85,0.09,7.9,10.5
2016-03-03,4.69,0.09,8.1,11.1
2016-03-02,5.06,0.12,8.0,11.0
2016-03-01,4.97,0.08,7.8,10.6
2016-02-29,4.98,0.1,7.8,11.34
2016-02-28,4.4,0.13,7.8,11.2
2016-02-27,4.44,0.3,7.7,11.1
2016-02-26,4.85,0.38,7.8,11.0
2016-02-25,4.63,0.11,7.8,11.6
2016-02-24,4.52,0.1,7.8,11.1
2016-02-23,4.61,0.09,7.8,11.5
2016-02-22,5.02,0.09,7.9,11.4
2016-02-21,4.59,0.08,7.8,11.9
2016-02-20,4.73,0.1,7.8,11.0
2016-02-19,4.69,0.11,7.8,11.7
2016-02-18,4.56,0.08,7.7,11.5
2016-02-17,5.13,0.12,7.9,11.6
2016-02-16,4.36,0.13,7.8,11.5
2016-02-15,4.56,0.11,8.0,11.3
2016-02-14,4.63,0.08,7.9,10.7
2016-02-13,4.88,0.08,8.0,12.6
2016-02-12,4.52,0.1,7.9,12.4
2016-02-11,4.77,0.09,7.9,13.4
2016-02-10,4.6,0.19,7.9,13.5
2016-02-09,4.5,0.29,7.8,13.2
2016-02-08,4.2,0.2,7.7,12.8
2016-02-07,4.28,0.26,7.7,13.5
2016-02-06,4.35,0.18,7.7,13.4
2016-02-05,4.58,0.35,7.7,13.7
2016-02-04,4.24,0.35,7.8,13.1
2016-02-03,4.24,0.35,7.7,13.7
2016-02-02,4.18,0.1,7.7,14.0
2016-02-01,4.33,0.32,7.7,13.3
2016-01-31,3.95,0.24,7.7,13.2
2016-01-30,3.95,0.19,7.7,13.7
2016-01-29,4.66,0.22,7.7,13.3
2016-01-28,4.5,0.4,7.7,14.4
2016-01-27,4.31,0.14,7.7,14.9
2016-01-26,4.94,0.1,7.6,14.3
2016-01-25,5.1,0.11,7.7,14.2
2016-01-24,5.11,0.09,7.9,13.8
2016-01-23,4.52,0.12,7.8,12.9
2016-01-22,4.4,0.07,7.8,12.6
2016-01-21,4.41,0.08,7.9,12.5
2016-01-20,4.42,0.07,7.9,11.8
2016-01-19,4.43,0.09,7.8,11.6
2016-01-18,4.65,0.07,7.9,11.4
2016-01-17,4.56,0.12,7.9,12.1
2016-01-16,4.67,0.08,7.9,12.0
2016-01-15,4.2,0.08,7.9,11.7
2016-01-14,4.8,0.07,7.9,12.0
2016-01-13,4.26,0.06,7.9,11.5
2016-01-12,4.34,0.1,7.9,11.1
2016-01-11,4.55,0.08,8.2,11.0
2016-01-10,4.55,0.06,8.2,11.3
2016-01-09,4.43,0.07,8.3,11.3
2016-01-08,4.94,0.07,8.3,11.6
2016-01-07,5.1,0.08,8.4,11.5
2016-01-06,4.72,0.09,8.2,11.6
2016-01-05,4.84,0.07,8.5,12.0
2016-01-04,4.81,0.07,8.4,12.6
2016-01-03,4.81,0.09,8.4,12.5
2016-01-02,4.67,0.08,8.2,12.4
2016-01-01,4.52,0.07,8.3,12.4
2015-12-31,4.8,0.08,8.4,12.7
2015-12-30,4.48,0.08,7.2,12.2
2015-12-29,4.73,0.07,7.7,9.55
2015-12-28,4.68,0.19,7.9,11.3
2015-12-27,4.77,0.07,8.0,12.5
2015-12-26,4.26,0.08,7.9,12.0
2015-12-25,4.6,0.07,7.9,11.9
2015-12-24,4.52,0.06,7.9,12.7
2015-12-23,4.67,0.07,7.9,12.5
2015-12-22,4.13,0.08,7.9,12.2
2015-12-21,3.96,0.09,7.9,11.8
2015-12-20,4.21,0.07,7.9,12.8
2015-12-19,5.05,0.08,7.9,12.7
2015-12-18,4.26,0.09,7.9,11.9
2015-12-17,4.35,0.11,7.9,11.4
2015-12-16,4.6,0.06,7.7,11.6
2015-12-15,4.56,0.31,7.9,11.3
2015-12-14,5.36,0.25,7.9,10.7
2015-12-13,5.1,0.11,7.8,10.6
2015-12-12,4.85,0.06,7.7,10.8
2015-12-11,4.98,0.09,7.8,10.7
2015-12-10,4.6,0.08,7.8,10.8
2015-12-09,4.94,0.09,7.9,12.2
2015-12-08,4.94,0.05,7.8,12.0
2015-12-07,4.88,0.08,7.8,11.9
2015-12-06,4.94,0.12,7.8,11.8
2015-12-05,5.21,0.09,7.9,11.4
2015-12-04,4.65,0.09,7.8,10.7
2015-12-03,4.94,0.08,7.8,10.8
2015-12-02,4.6,0.1,7.8,10.7
2015-12-01,4.8,0.09,7.8,10.6
2015-11-30,4.89,0.08,7.8,10.7
2015-11-29,4.94,0.09,7.8,10.9
2015-11-28,5.02,0.12,7.8,10.9
2015-11-27,5.27,0.13,7.8,10.5
2015-11-26,4.23,0.09,7.8,10.1
2015-11-25,4.98,0.08,7.8,9.2
2015-11-24,4.8,0.1,7.8,8.7
2015-11-23,4.94,0.1,7.7,8.8
2015-11-22,4.43,0.07,7.9,9.2
2015-11-21,4.89,0.09,8.7,9.4
2015-11-20,5.07,0.1,8.5,9.4
2015-11-19,5.27,0.09,8.4,9.0
2015-11-18,5.1,0.12,7.9,9.0
2015-11-17,4.81,0.11,7.9,8.8
2015-11-16,5.02,0.1,7.8,9.2
2015-11-15,4.68,0.12,7.8,8.8
2015-11-14,4.56,0.12,7.9,9.0
2015-11-13,4.83,0.08,7.9,9.1
2015-11-12,5.1,0.11,7.9,9.1
2015-11-11,4.94,0.1,7.9,8.8
2015-11-10,5.14,0.1,7.8,8.4
2015-11-09,4.83,0.1,7.8,8.4
2015-11-08,4.94,0.11,7.9,8.1
2015-11-07,4.61,0.12,7.9,8.3
2015-11-06,4.6,0.07,7.9,8.8
2015-11-05,4.82,0.11,8.0,8.8
2015-11-04,4.69,0.09,7.9,8.6
2015-11-03,4.77,0.12,7.7,8.2
2015-11-02,4.77,0.11,7.7,8.4
2015-11-01,4.89,0.09,7.8,7.9
2015-10-31,5.02,0.12,8.0,7.8
2015-10-30,5.41,0.13,8.3,6.8
2015-10-29,5.22,0.08,8.0,7.0
2015-10-28,5.27,0.09,8.0,6.7
2015-10-27,4.81,0.12,8.0,6.8
2015-10-26,5.17,0.1,8.1,7.0
2015-10-25,4.94,0.09,8.1,6.6
2015-10-24,5.03,0.08,8.4,7.3
2015-10-23,4.85,0.11,8.2,6.9
2015-10-22,5.12,0.11,8.3,7.1
2015-10-21,4.77,0.07,8.5,7.4
2015-10-20,4.73,0.09,8.4,7.6
2015-10-19,4.93,0.1,8.4,7.8
2015-10-18,5.14,0.09,8.4,8.0
2015-10-17,5.06,0.08,8.2,8.9
2015-10-16,4.24,0.09,8.4,9.3
2015-10-15,4.72,0.11,8.5,9.2
2015-10-14,5.09,0.11,8.2,8.7
2015-10-13,5.0,0.08,8.1,8.5
2015-10-12,5.03,0.14,8.0,8.8
2015-10-11,5.07,0.1,7.9,7.9
2015-10-10,4.84,0.19,7.8,7.4
2015-10-09,5.09,0.21,7.7,7.1
2015-10-08,4.93,0.21,7.7,7.0
2015-10-07,4.97,0.13,7.7,7.0
2015-10-06,4.99,0.12,7.7,6.8
2015-10-05,4.75,0.12,7.7,6.9
2015-10-04,5.24,0.11,7.6,7.0
2015-10-03,4.64,0.12,7.6,6.0
2015-10-02,5.09,0.15,7.6,6.4
2015-10-01,4.88,0.15,7.7,6.1
2015-09-30,4.77,0.21,7.8,6.7
2015-09-29,5.17,0.1,8.9,6.5
2015-09-28,5.17,0.09,8.8,7.2
2015-09-27,5.22,0.1,8.9,7.2
2015-09-26,5.13,0.08,8.4,6.5
2015-09-25,5.22,0.12,8.4,6.5
2015-09-24,5.14,0.15,8.3,6.3
2015-09-23,4.97,0.1,8.3,6.1
2015-09-22,5.25,0.09,8.3,6.4
2015-09-21,4.97,0.12,8.5,6.3
2015-09-20,5.33,0.09,8.8,6.8
2015-09-19,5.3,0.07,8.9,6.6
2015-09-18,5.27,0.09,8.8,7.1
2015-09-17,4.73,0.14,8.5,6.3
2015-09-16,5.27,0.13,8.5,5.9
2015-09-15,5.27,0.08,8.7,5.7
2015-09-14,5.07,0.13,8.4,5.9
2015-09-13,4.77,0.12,8.5,5.2
2015-09-12,5.21,0.12,8.7,5.2
2015-09-11,5.12,0.1,8.5,5.4
2015-09-10,5.04,0.11,8.4,6.1
2015-09-09,4.8,0.09,8.7,5.7
2015-09-08,4.67,0.1,8.5,5.5
2015-09-07,5.01,0.09,8.1,5.1
2015-09-06,4.88,0.16,7.8,5.0
2015-09-05,4.72,0.1,8.9,6.0
2015-09-04,4.8,0.1,8.8,5.6
2015-09-03,5.09,0.11,8.5,5.9
2015-09-02,4.96,0.1,8.6,6.3
2015-09-01,4.8,0.15,8.9,5.7
2015-08-31,5.12,0.1,8.8,6.1
2015-08-30,4.56,0.08,8.4,6.0
2015-08-29,4.83,0.09,8.4,6.0
2015-08-28,4.94,0.1,8.5,6.7
2015-08-27,4.91,0.16,7.6,5.4
2015-08-26,4.77,0.13,7.7,6.5
2015-08-25,4.69,0.2,7.7,6.4
2015-08-24,4.78,0.15,7.7,6.1
2015-08-23,5.2,0.14,7.8,5.4
2015-08-22,5.14,0.12,8.3,5.5
2015-08-21,4.74,0.14,7.9,5.7
2015-08-20,5.19,0.12,8.2,6.4
2015-08-19,5.36,0.12,8.1,5.6
2015-08-18,4.93,0.11,7.8,5.9
2015-08-17,4.53,0.08,7.8,6.3
2015-08-16,4.65,0.1,7.7,6.3
2015-08-15,4.65,0.09,7.7,5.7
2015-08-14,5.14,0.13,7.5,5.4
2015-08-13,4.17,0.23,7.5,5.6
2015-08-12,4.69,0.28,7.5,5.8
2015-08-11,4.97,0.3,7.5,5.4
2015-08-10,4.03,0.28,7.6,5.0
2015-08-09,4.45,0.26,7.7,5.4
2015-08-08,5.06,0.23,8.2,5.1
2015-08-07,4.85,0.13,8.5,5.3
2015-08-06,4.77,0.12,8.1,5.6
2015-08-05,4.52,0.14,8.3,6.4
2015-08-04,4.73,0.12,8.3,6.5
2015-08-03,5.02,0.12,8.3,5.8
2015-08-02,5.14,0.1,8.4,5.6
2015-08-01,4.86,0.12,8.3,6.0
2015-07-31,4.77,0.18,8.2,6.4
2015-07-30,5.01,0.14,8.7,6.9
2015-07-29,4.24,0.14,7.7,4.0
2015-07-28,4.96,0.12,7.7,5.8
2015-07-27,4.68,0.15,7.7,5.6
2015-07-26,4.77,0.13,8.3,5.9
2015-07-25,4.52,0.1,8.7,6.4
2015-07-24,4.01,0.12,8.7,6.7
2015-07-23,4.39,0.18,8.5,6.4
2015-07-22,4.67,0.16,8.4,6.41
2015-07-21,4.2,0.19,8.0,6.0
2015-07-20,4.48,0.16,8.3,6.4
2015-07-19,4.61,0.26,7.7,6.0
2015-07-18,4.2,0.13,8.2,5.8
2015-07-17,4.73,0.08,8.6,6.8
2015-07-16,4.9,0.12,8.4,6.5
2015-07-15,4.44,0.17,7.7,6.0
2015-07-14,4.39,0.14,8.2,6.8
2015-07-13,4.16,0.1,8.2,8.7
2015-07-12,4.32,0.12,8.5,8.1
2015-07-11,3.83,0.1,8.6,8.2
2015-07-10,4.65,0.1,8.7,8.7
2015-07-09,3.95,0.09,8.4,8.4
2015-07-08,4.77,0.16,8.2,8.2
2015-07-07,4.7,0.2,7.8,7.6
2015-07-06,4.85,0.13,8.1,7.7
2015-07-05,4.31,0.12,8.2,7.5
2015-07-04,4.74,0.08,8.2,7.6
2015-07-03,4.36,0.12,8.2,7.6
2015-07-02,4.44,0.14,8.1,7.5
2015-07-01,4.48,0.15,7.9,7.6
2015-06-30,4.21,0.23,7.7,7.3
2015-06-29,4.2,0.18,7.8,7.7
2015-06-28,4.81,0.21,8.0,7.8
2015-06-27,4.65,0.14,8.5,7.6
2015-06-26,4.29,0.08,8.3,7.4
2015-06-25,4.2,0.12,8.0,7.0
2015-06-24,4.44,0.12,8.2,7.6
2015-06-23,3.84,0.11,8.1,7.7
2015-06-22,4.49,0.1,8.2,8.0
2015-06-21,4.08,0.1,8.1,7.7
2015-06-20,4.11,0.09,8.3,7.9
2015-06-19,4.77,0.1,8.0,8.0
2015-06-18,4.33,0.23,7.8,7.7
2015-06-17,4.39,0.19,7.7,7.6
2015-06-16,3.9,0.16,8.0,6.8
2015-06-15,4.03,0.14,8.1,7.0
2015-06-14,4.08,0.1,8.1,7.3
2015-06-13,4.44,0.12,8.1,7.5
2015-06-12,4.2,0.16,8.0,6.9
2015-06-11,3.62,0.12,7.8,7.0
2015-06-10,4.17,0.13,7.8,7.3
2015-06-09,4.08,0.17,7.8,7.0
2015-06-08,4.0,0.18,7.8,6.9
2015-06-07,4.65,0.17,7.9,8.1
2015-06-06,4.36,0.1,7.5,7.8
2015-06-05,4.28,0.15,7.7,7.6
2015-06-04,4.28,0.18,7.7,6.7
2015-06-03,4.12,0.26,7.7,6.9
2015-06-02,4.44,0.12,7.7,6.9
2015-06-01,4.68,0.14,7.8,6.8
2015-05-31,4.52,0.16,7.9,6.8
2015-05-30,5.02,0.18,7.9,6.9
2015-05-29,4.04,0.13,8.2,7.0
2015-05-28,5.14,0.14,8.1,7.3
2015-05-27,5.14,0.12,7.8,6.8
2015-05-26,4.65,0.13,8.1,8.0
2015-05-25,4.93,0.1,8.2,7.4
2015-05-24,3.91,0.13,8.3,7.4
2015-05-23,4.56,0.13,8.1,7.4
2015-05-22,4.52,0.12,8.2,7.8
2015-05-21,4.53,0.11,8.1,7.5
2015-05-20,4.32,0.12,7.7,7.0
2015-05-19,4.32,0.15,7.7,6.9
2015-05-18,3.91,0.13,7.7,7.3
2015-05-17,4.54,0.13,7.8,7.3
2015-05-16,4.24,0.13,7.7,7.2
2015-05-15,4.4,0.13,7.7,7.0
2015-05-14,4.44,0.14,7.7,7.3
2015-05-13,4.33,0.13,7.7,7.7
2015-05-12,3.95,0.11,7.7,7.8
2015-05-11,4.77,0.14,7.7,6.9
2015-05-10,4.48,0.14,7.7,7.6
2015-05-09,4.58,0.13,7.7,7.0
2015-05-08,4.44,0.11,7.7,7.4
2015-05-07,4.44,0.12,7.7,7.2
2015-05-06,4.43,0.16,7.7,7.3
2015-05-05,4.55,0.12,7.7,7.1
2015-05-04,4.12,0.18,7.7,7.2
2015-05-03,4.6,0.16,7.6,7.2
2015-05-02,4.35,0.16,7.6,7.0
2015-05-01,4.61,0.17,7.6,6.9
2015-04-30,4.08,0.17,7.6,7.2
2015-04-29,4.4,0.16,7.6,7.6
2015-04-28,4.28,0.12,7.7,7.1
2015-04-27,4.59,0.09,7.7,7.6
2015-04-26,4.12,0.13,7.5,7.1
2015-04-25,3.91,0.16,7.5,7.6
2015-04-24,4.11,0.19,7.7,7.9
2015-04-23,4.12,0.18,7.6,7.9
2015-04-22,4.77,0.2,7.6,8.0
2015-04-21,4.6,0.14,7.7,8.3
2015-04-20,4.48,0.11,7.7,8.2
2015-04-19,4.37,0.16,7.7,8.4
2015-04-18,4.4,0.2,7.7,8.5
2015-04-17,4.24,0.17,7.7,8.7
2015-04-16,4.32,0.25,7.7,8.5
2015-04-15,4.75,0.21,7.7,9.3
2015-04-14,4.28,0.25,7.7,9.1
2015-04-13,4.69,0.2,7.6,8.4
2015-04-12,4.48,0.25,7.6,8.3
2015-04-11,4.37,0.21,7.6,8.8
2015-04-10,4.08,0.2,7.7,8.7
2015-04-09,4.0,0.17,7.7,9.2
2015-04-08,4.03,0.17,7.7,9.2
2015-04-07,4.54,0.19,7.6,8.7
2015-04-06,4.16,0.22,7.6,7.8
2015-04-05,4.48,0.17,7.6,7.4
2015-04-04,4.73,0.19,7.6,7.3
2015-04-03,4.54,0.16,7.7,7.1
2015-04-02,4.15,0.21,7.7,7.5
2015-04-01,4.51,0.13,7.7,8.2
2015-03-31,4.81,0.15,7.8,9.3
2015-03-30,4.57,0.16,8.0,9.4
2015-03-29,4.4,0.11,7.7,9.3
2015-03-28,4.24,0.11,7.8,9.5
2015-03-27,5.1,0.12,7.8,9.1
2015-03-26,4.9,0.12,7.9,9.2
2015-03-25,4.69,0.13,7.8,9.5
2015-03-24,4.4,0.11,7.7,9.5
2015-03-23,4.4,0.14,7.7,9.1
2015-03-22,4.63,0.14,7.7,9.2
2015-03-21,4.24,0.11,7.7,10.1
2015-03-20,4.4,0.12,7.8,9.9
2015-03-19,4.61,0.12,7.7,9.8
2015-03-18,4.49,0.12,7.7,10.2
2015-03-17,4.48,0.12,7.7,10.8
2015-03-16,4.36,0.11,7.7,11.1
2015-03-15,4.44,0.18,7.7,11.5
2015-03-14,4.61,0.18,7.9,11.6
2015-03-13,4.32,0.13,7.8,11.7
2015-03-12,4.4,0.12,7.8,11.3
2015-03-11,4.97,0.11,7.7,11.4
2015-03-10,4.78,0.11,7.7,11.2
2015-03-09,4.81,0.1,7.8,12.4
2015-03-08,4.57,0.1,8.0,12.5
2015-03-07,4.48,0.1,7.7,11.4
2015-03-06,4.64,0.11,7.8,11.7
2015-03-05,4.36,0.12,7.8,11.5
2015-03-04,4.81,0.11,7.7,11.0
2015-03-03,4.73,0.11,7.7,11.6
2015-03-02,4.85,0.11,7.9,11.4
2015-03-01,4.32,0.17,7.7,11.6
2015-02-28,4.57,0.16,7.8,11.5
2015-02-27,4.85,0.18,7.7,10.8
2015-02-26,4.65,0.17,7.7,10.3
2015-02-25,4.77,0.16,7.7,10.7
2015-02-24,4.28,0.15,7.7,10.3
2015-02-23,4.77,0.19,7.7,10.2
2015-02-22,4.85,0.26,7.8,10.1
2015-02-21,5.1,0.28,7.7,10.2
2015-02-20,5.09,0.23,7.9,10.9
2015-02-19,4.93,0.36,7.9,11.1
2015-02-18,5.31,0.35,8.1,10.7
2015-02-17,4.64,0.2,7.8,10.7
2015-02-16,4.44,0.12,7.8,11.2
2015-02-15,4.97,0.22,8.1,11.6
2015-02-14,4.85,0.12,8.0,11.5
2015-02-13,4.8,0.12,8.0,12.1
2015-02-12,4.69,0.14,8.0,12.5
2015-02-11,5.1,0.14,8.0,12.9
2015-02-10,4.99,0.14,8.0,12.1
2015-02-09,5.01,0.11,8.0,12.1
2015-02-08,4.28,0.08,8.1,12.1
2015-02-07,4.73,0.07,7.8,12.9
2015-02-06,4.9,0.15,7.8,12.5
2015-02-05,5.06,0.13,7.8,12.3
2015-02-04,4.85,0.12,7.7,12.2
2015-02-03,4.69,0.13,7.7,12.4
2015-02-02,4.81,0.13,7.8,12.3
2015-02-01,4.72,0.13,7.8,12.2
2015-01-31,4.73,0.13,7.7,12.3
2015-01-30,4.65,0.23,7.7,11.2
2015-01-29,4.53,0.13,7.7,11.5
2015-01-28,4.16,0.09,7.7,11.5
2015-01-27,4.2,0.1,7.7,11.2
2015-01-26,4.93,0.08,7.7,11.3
2015-01-25,4.65,0.1,7.8,11.3
2015-01-24,4.4,0.09,7.8,10.5
2015-01-23,4.28,0.11,7.9,11.9
2015-01-22,4.68,0.08,7.9,11.8
2015-01-21,4.39,0.1,7.9,11.7
2015-01-20,4.56,0.11,7.9,12.0
2015-01-19,4.85,0.13,7.9,11.7
2015-01-18,4.15,0.08,7.9,12.1
2015-01-17,4.21,0.12,7.9,11.4
2015-01-16,4.2,0.12,8.0,11.8
2015-01-15,4.23,0.11,8.0,12.4
2015-01-14,4.6,0.1,8.0,12.0
2015-01-13,4.78,0.12,8.4,11.9
2015-01-12,4.11,0.14,8.6,12.9
2015-01-11,4.01,0.11,8.5,12.5
2015-01-10,4.02,0.09,7.9,12.4
2015-01-09,4.77,0.13,8.0,12.5
2015-01-08,4.77,0.12,7.9,12.1
2015-01-07,4.94,0.14,7.9,12.0
2015-01-06,4.15,0.07,7.9,12.2
2015-01-05,4.87,0.09,7.8,12.7
2015-01-04,4.72,0.12,8.0,12.5
2015-01-03,4.85,0.12,7.9,12.7
2015-01-02,4.98,0.15,7.9,11.7
2015-01-01,4.33,0.11,7.9,12.3
2014-12-31,4.73,0.11,7.9,12.6
2014-12-30,4.48,0.11,7.8,12.5
2014-12-29,4.98,0.11,8.0,13.2
2014-12-28,4.64,0.11,7.9,12.5
2014-12-27,4.77,0.12,7.9,12.5
2014-12-26,4.97,0.1,7.8,12.6
2014-12-25,4.72,0.15,7.7,12.8
2014-12-24,4.95,0.12,7.8,12.4
2014-12-23,4.81,0.1,7.8,12.2
2014-12-22,4.94,0.1,7.8,12.5
2014-12-21,4.68,0.09,7.9,13.4
2014-12-20,4.98,0.09,7.9,12.2
2014-12-19,4.43,0.11,7.9,12.5
2014-12-18,4.06,0.11,7.9,12.4
2014-12-17,4.68,0.09,7.9,12.7
2014-12-16,4.75,0.09,7.9,12.5
2014-12-15,3.78,0.18,7.9,12.5
2014-12-14,4.3,0.11,7.5,12.3
2014-12-13,4.01,0.1,7.9,11.9
2014-12-12,4.22,0.09,7.9,11.3
2014-12-11,4.15,0.11,7.9,11.0
2014-12-10,3.98,0.11,7.7,11.5
2014-12-09,4.01,0.11,7.7,11.3
2014-12-08,4.95,0.11,7.8,10.9
2014-12-07,4.73,0.1,7.8,11.2
2014-12-06,4.68,0.1,7.7,11.0
2014-12-05,4.31,0.13,7.7,10.8
2014-12-04,4.77,0.12,7.7,10.1
2014-12-03,4.44,0.14,7.9,9.8
2014-12-02,4.61,0.13,7.7,10.0
2014-12-01,4.75,0.14,7.7,9.1
2014-11-30,4.17,0.17,7.8,8.7
2014-11-29,4.69,0.11,7.8,8.9
2014-11-28,4.44,0.1,7.8,8.8
2014-11-27,4.94,0.15,7.9,8.8
2014-11-26,4.68,0.1,7.8,8.5
2014-11-25,4.68,0.12,7.8,8.4
2014-11-24,4.15,0.11,7.8,8.6
2014-11-23,4.94,0.08,7.9,8.9
2014-11-22,4.87,0.11,7.9,8.8
2014-11-21,4.92,0.1,8.0,9.4
2014-11-20,4.94,0.12,7.9,9.5
2014-11-19,4.97,0.09,7.9,9.6
2014-11-18,5.0,0.13,7.9,9.3
2014-11-17,4.77,0.1,7.8,8.9
2014-11-16,4.94,0.08,7.9,9.3
2014-11-15,4.18,0.07,8.5,9.6
2014-11-14,4.49,0.08,8.0,9.4
2014-11-13,4.08,0.12,7.9,9.0
2014-11-12,4.61,0.08,7.9,8.7
2014-11-11,4.56,0.1,7.9,9.2
2014-11-10,4.93,0.09,7.9,9.0
2014-11-09,4.81,0.09,7.9,8.9
2014-11-08,4.36,0.08,8.3,9.1
2014-11-07,4.35,0.13,8.0,8.9
2014-11-06,4.76,0.11,8.0,8.6
2014-11-05,4.11,0.09,7.9,8.6
2014-11-04,4.65,0.08,7.9,8.3
2014-11-03,4.77,0.09,7.9,8.5
2014-11-02,4.37,0.1,7.9,7.2
2014-11-01,4.6,0.09,7.9,7.2
2014-10-31,4.65,0.09,7.9,7.2
2014-10-30,4.48,0.11,8.1,7.2
2014-10-29,4.45,0.1,8.5,7.4
2014-10-28,4.32,0.1,8.6,7.6
2014-10-27,4.65,0.1,8.5,7.5
2014-10-26,4.48,0.08,8.5,7.5
2014-10-25,4.78,0.08,8.5,7.6
2014-10-24,4.9,0.1,8.7,7.8
2014-10-23,4.97,0.09,8.7,7.7
2014-10-22,4.61,0.11,8.7,7.4
2014-10-21,4.87,0.08,8.8,7.1
2014-10-20,4.56,0.1,8.9,8.0
2014-10-19,4.94,0.11,8.9,8.5
2014-10-18,4.97,0.11,9.0,9.0
2014-10-17,4.45,0.09,8.8,8.5
2014-10-16,4.6,0.12,8.6,8.1
2014-10-15,4.85,0.1,8.4,7.5
2014-10-14,4.9,0.1,8.9,7.7
2014-10-13,4.41,0.08,8.5,7.1
2014-10-12,4.85,0.1,9.0,7.5
2014-10-11,4.81,0.1,8.9,7.6
2014-10-10,4.77,0.1,8.7,7.4
2014-10-09,4.48,0.08,9.0,8.0
2014-10-08,5.02,0.1,8.9,7.9
2014-10-07,4.89,0.11,8.3,7.4
2014-10-06,4.77,0.1,8.3,7.7
2014-10-05,4.95,0.09,8.5,7.6
2014-10-04,4.97,0.11,7.8,7.2
2014-10-03,4.48,0.1,7.7,6.5
2014-10-02,4.36,0.11,7.7,6.7
2014-10-01,4.58,0.1,7.7,8.0
2014-09-30,4.81,0.12,7.7,7.3
2014-09-29,4.77,0.12,7.7,6.5
2014-09-28,4.94,0.12,7.7,7.0
2014-09-27,4.88,0.09,7.7,7.5
2014-09-26,4.36,0.12,7.7,7.7
2014-09-25,4.52,0.1,7.8,7.4
2014-09-24,4.89,0.17,7.7,7.3
2014-09-23,4.48,0.09,7.8,7.6
2014-09-22,5.23,0.11,7.9,7.7
2014-09-21,4.94,0.14,7.9,7.0
2014-09-20,4.81,0.17,7.9,6.9
2014-09-19,4.73,0.19,7.8,6.9
2014-09-18,4.2,0.12,7.7,6.7
2014-09-17,4.0,0.13,7.7,6.9
2014-09-16,4.03,0.14,7.7,6.9
2014-09-15,4.58,0.11,7.7,6.7
2014-09-14,4.12,0.13,7.8,6.1
2014-09-13,4.23,0.11,7.7,5.8
2014-09-12,4.43,0.09,7.7,6.2
2014-09-11,4.45,0.09,7.8,6.1
2014-09-10,4.24,0.1,7.9,5.6
2014-09-09,4.24,0.11,7.8,5.6
2014-09-08,4.47,0.13,7.9,6.1
2014-09-07,4.49,0.07,7.8,5.8
2014-09-06,4.35,0.11,7.7,5.8
2014-09-05,4.28,0.1,7.7,6.1
2014-09-04,4.94,0.11,7.7,6.2
2014-09-03,4.77,0.09,7.7,6.1
2014-09-02,4.26,0.12,7.7,6.2
2014-09-01,4.81,0.14,7.7,6.7
2014-08-31,4.64,0.15,7.7,6.3
2014-08-30,4.58,0.13,7.7,6.2
2014-08-29,4.17,0.1,7.7,5.9
2014-08-28,4.89,0.12,7.7,5.4
2014-08-27,4.89,0.11,7.7,5.0
2014-08-26,4.92,0.1,7.9,5.4
2014-08-25,4.3,0.09,7.9,5.8
2014-08-24,4.73,0.1,7.9,5.2
2014-08-23,4.93,0.1,7.9,5.4
2014-08-22,4.78,0.08,7.8,5.9
2014-08-21,4.4,0.1,7.8,6.5
2014-08-20,4.35,0.09,7.5,5.6
2014-08-19,4.33,0.15,7.6,6.0
2014-08-18,4.46,0.16,7.6,5.7
2014-08-17,4.48,0.11,7.7,6.1
2014-08-16,4.56,0.16,7.6,5.3
2014-08-15,4.3,0.19,7.5,5.8
2014-08-14,4.55,0.18,7.5,5.4
2014-08-13,4.27,0.18,7.6,5.4
2014-08-12,4.18,0.14,7.6,5.0
2014-08-11,4.26,0.11,7.7,5.3
2014-08-10,4.94,0.14,7.7,4.8
2014-08-09,3.9,0.12,7.6,7.2
2014-08-08,3.87,0.1,7.8,5.1
2014-08-07,4.01,0.09,8.0,6.1
2014-08-06,4.11,0.12,7.8,5.0
2014-08-05,4.94,0.12,7.6,4.4
2014-08-04,4.57,0.13,7.7,5.8
2014-08-03,4.48,0.13,7.7,5.9
2014-08-02,4.13,0.1,8.0,5.4
2014-08-01,4.31,0.08,8.0,5.9
2014-07-31,4.08,0.1,8.3,6.8
2014-07-30,4.67,0.17,7.9,6.9
2014-07-29,4.96,0.1,7.7,5.6
2014-07-28,4.97,0.09,7.8,6.0
2014-07-27,4.85,â‰¤0.12,7.8,5.5
2014-07-26,4.15,0.19,7.7,6.0
2014-07-25,4.04,0.19,7.8,5.0
2014-07-24,5.06,0.09,8.1,5.9
2014-07-23,4.85,0.13,8.0,6.2
2014-07-22,5.19,0.11,7.9,6.1
2014-07-21,4.21,0.13,7.7,5.3
2014-07-20,3.75,0.11,7.8,5.8
2014-07-19,3.42,0.1,7.8,6.4
2014-07-18,3.89,0.15,7.7,5.8
2014-07-17,4.23,0.15,7.8,6.1
2014-07-16,4.48,0.09,7.8,6.4
2014-07-15,3.76,0.11,7.8,5.4
2014-07-14,3.83,0.11,7.9,6.0
2014-07-13,4.26,0.09,7.8,5.6
2014-07-12,3.88,0.1,7.7,5.5
2014-07-11,3.6,0.09,7.7,5.0
2014-07-10,3.42,0.05,7.7,6.1
2014-07-09,3.88,0.08,7.8,6.1
2014-07-08,3.78,0.11,7.7,6.3
2014-07-07,3.82,0.12,7.7,6.2
2014-07-06,3.68,0.11,7.7,6.0
2014-07-05,4.08,0.09,7.7,6.2
2014-07-04,3.61,0.12,7.7,6.0
2014-07-03,3.52,0.12,7.7,6.1
2014-07-02,3.9,0.15,7.7,6.1
2014-07-01,3.98,0.12,7.8,6.0
2014-06-30,3.55,0.09,7.8,6.4
2014-06-29,3.4,0.1,7.7,6.2
2014-06-28,3.72,0.12,7.7,6.0
2014-06-27,3.76,0.17,7.7,6.1
2014-06-26,4.28,0.14,7.9,6.3
2014-06-25,3.68,0.11,7.9,6.7
2014-06-24,3.6,0.12,7.7,6.8
2014-06-23,3.8,0.12,7.8,6.6
2014-06-22,3.8,0.11,7.7,6.4
2014-06-21,3.8,0.15,7.7,6.3
2014-06-20,3.76,0.16,7.7,6.1
2014-06-19,4.06,0.15,7.8,6.4
2014-06-18,3.64,0.19,7.7,6.1
2014-06-17,3.96,0.14,7.7,6.1
2014-06-16,4.48,0.22,7.8,6.0
2014-06-15,4.06,0.11,7.9,6.1
2014-06-14,3.68,0.12,7.9,6.0
2014-06-13,3.76,0.1,7.9,6.3
2014-06-12,3.72,0.08,7.9,6.3
2014-06-11,4.4,0.09,7.9,6.5
2014-06-10,4.4,0.11,7.9,6.4
2014-06-09,4.57,0.14,7.9,6.8
2014-06-08,3.39,0.12,7.7,6.5
2014-06-07,3.74,0.07,7.8,7.1
2014-06-06,3.48,0.18,7.7,6.6
2014-06-05,3.64,0.16,7.7,6.8
2014-06-04,3.6,0.18,7.7,6.7
2014-06-03,4.54,0.14,7.7,7.1
2014-06-02,4.43,0.16,7.7,6.5
2014-06-01,4.3,0.11,7.7,6.4
2014-05-31,3.88,0.12,7.8,6.5
2014-05-30,3.76,0.14,7.8,6.7
2014-05-29,3.68,0.14,7.7,7.1
2014-05-28,3.88,0.16,7.7,7.0
2014-05-27,3.64,0.14,7.7,7.0
2014-05-26,3.76,0.11,7.7,7.0
2014-05-25,3.68,0.13,7.7,7.0
2014-05-24,3.37,0.22,7.7,7.0
2014-05-23,4.16,0.15,7.7,6.8
2014-05-22,3.96,0.17,7.7,7.0
2014-05-21,3.4,0.12,7.7,7.2
2014-05-20,3.28,0.11,7.7,7.4
2014-05-19,3.47,0.16,7.7,6.9
2014-05-18,4.2,0.12,7.9,7.2
2014-05-17,3.68,0.11,7.9,7.6
2014-05-16,3.76,0.14,7.8,7.7
2014-05-15,3.76,0.12,7.7,7.4
2014-05-14,4.08,0.13,7.8,7.6
2014-05-13,3.6,0.12,7.7,7.8
2014-05-12,4.36,0.11,7.8,8.1
2014-05-11,4.52,0.18,7.8,8.0
2014-05-10,4.97,0.11,7.9,8.0
2014-05-09,3.88,0.13,7.9,8.0
2014-05-08,4.4,0.11,7.7,8.1
2014-05-07,4.28,0.1,7.7,8.1
2014-05-06,4.12,0.09,7.7,8.0
2014-05-05,3.84,0.14,7.7,7.6
2014-05-04,4.04,0.15,7.7,7.5
2014-05-03,3.91,0.16,7.8,7.8
2014-05-02,4.12,0.14,7.7,7.4
2014-05-01,4.0,0.15,7.7,8.2
2014-04-30,3.39,0.17,7.7,7.9
2014-04-29,3.7,0.15,7.7,8.1
2014-04-28,4.67,0.17,7.7,8.2
2014-04-27,3.83,0.27,7.7,7.9
2014-04-26,4.15,0.27,7.7,7.9
2014-04-25,4.15,0.27,7.7,7.8
2014-04-24,4.26,0.21,7.7,9.0
2014-04-22,3.4,0.21,7.7,7.9
2014-04-21,4.23,0.2,7.7,7.7
2014-04-20,3.72,0.17,7.7,8.0
2014-04-19,3.68,0.18,7.7,8.1
2014-04-18,4.24,0.22,7.7,7.6
2014-04-17,3.75,0.24,7.7,7.8
2014-04-16,4.64,0.18,7.7,8.1
2014-04-15,3.64,0.21,7.7,7.6
2014-04-14,4.21,0.19,7.7,7.7
2014-04-13,4.04,0.16,7.7,8.0
2014-04-12,4.88,0.14,7.7,7.8
2014-04-11,3.68,0.12,7.7,7.7
2014-04-10,3.75,0.12,7.7,7.8
2014-04-09,3.78,0.08,7.7,7.9
2014-04-08,3.84,0.12,7.7,8.3
2014-04-07,4.24,0.12,7.7,8.6
2014-04-06,4.09,0.13,7.7,7.9
2014-04-05,3.59,0.1,7.7,7.8
2014-04-04,4.12,0.16,7.8,7.6
2014-04-03,3.31,0.12,7.7,7.9
2014-04-02,4.48,0.13,7.7,8.2
2014-04-01,3.91,0.12,7.7,8.0
2014-03-31,3.98,0.13,7.8,8.0
2014-03-30,3.64,0.13,7.7,7.8
2014-03-29,4.24,0.15,7.8,8.2
2014-03-28,4.61,0.14,7.8,8.4
2014-03-27,3.92,0.1,7.9,9.0
2014-03-26,3.95,0.13,7.9,9.6
2014-03-25,4.24,0.11,7.8,9.5
2014-03-24,4.4,0.15,7.9,9.5
2014-03-23,4.57,0.13,7.8,11.4
2014-03-22,3.72,0.12,7.8,10.8
2014-03-21,4.17,0.16,7.8,9.1
2014-03-20,3.83,0.16,7.8,9.0
2014-03-19,4.45,0.15,7.9,9.6
2014-03-18,3.81,0.08,7.8,9.7
2014-03-17,4.57,0.16,7.9,10.3
2014-03-16,4.08,0.11,7.9,10.2
2014-03-15,3.87,0.17,7.8,10.5
2014-03-14,4.6,0.14,7.9,10.6
2014-03-13,4.87,0.15,7.8,10.4
2014-03-12,4.56,0.12,7.9,10.4
2014-03-11,4.87,0.11,7.9,11.3
2014-03-10,4.52,0.1,7.9,11.2
2014-03-09,4.97,0.21,7.9,10.6
2014-03-08,3.83,0.35,7.7,10.4
2014-03-07,3.63,0.11,7.8,10.6
2014-03-06,3.95,0.19,7.8,10.4
2014-03-05,3.91,0.19,7.7,10.3
2014-03-04,4.04,0.22,7.7,10.8
2014-03-03,3.18,0.43,7.8,10.5
2014-03-02,3.18,0.45,7.7,10.7
2014-03-01,4.09,0.17,7.7,11.2
2014-02-28,3.47,0.23,7.7,11.2
2014-02-27,4.27,0.23,7.8,11.4
2014-02-26,3.83,0.2,7.8,11.4
2014-02-25,3.51,0.21,7.7,11.8
2014-02-24,3.31,0.12,7.8,11.8
2014-02-23,3.45,0.05,7.8,11.8
2014-02-22,4.81,0.23,7.9,12.5
2014-02-21,4.81,0.24,7.8,12.5
2014-02-20,4.57,0.2,7.7,12.3
2014-02-19,4.45,0.18,7.7,12.9
2014-02-18,4.6,0.17,7.7,12.2
2014-02-17,4.67,0.19,7.7,12.6
2014-02-16,4.98,0.22,7.9,12.6
2014-02-15,4.98,0.34,7.8,12.7
2014-02-14,4.67,0.41,7.8,13.0
2014-02-13,4.97,0.32,7.8,13.2
2014-02-12,4.44,0.23,7.7,13.2
2014-02-11,4.79,0.22,7.7,13.6
2014-02-10,4.77,0.17,7.8,12.1
2014-02-09,4.16,0.24,7.7,12.5
2014-02-08,4.65,0.23,7.7,11.7
2014-02-07,4.99,0.22,7.7,11.0
2014-02-06,4.6,0.22,7.7,11.7
2014-02-05,4.81,0.16,7.7,10.7
2014-02-04,4.57,0.13,7.7,10.1
2014-02-03,4.75,0.13,7.8,10.0
2014-02-02,4.44,0.1,7.8,10.6
2014-02-01,4.89,0.12,7.7,10.7
2014-01-31,4.56,0.08,7.7,10.7
2014-01-30,4.73,0.12,7.7,11.0
2014-01-29,4.64,0.1,7.8,11.4
2014-01-28,4.93,0.1,7.8,11.3
2014-01-27,4.85,0.08,7.8,11.4
2014-01-26,4.92,0.13,7.9,12.1
2014-01-25,4.57,0.11,7.9,11.9
2014-01-24,5.2,0.11,7.9,12.4
2014-01-23,4.81,0.08,7.9,12.2
2014-01-22,4.78,0.11,7.9,12.1
2014-01-21,4.12,0.1,7.8,12.1
2014-01-20,4.24,0.1,7.9,12.5
2014-01-19,4.0,0.11,8.1,12.5
2014-01-18,4.21,0.09,7.9,12.4
2014-01-17,4.13,0.11,7.9,12.4
2014-01-16,4.89,0.09,7.9,12.4
2014-01-15,4.73,0.12,7.8,12.7
2014-01-14,4.78,0.09,8.0,12.4
2014-01-13,4.08,0.1,7.9,12.1
2014-01-12,4.46,0.08,7.9,12.4
2014-01-11,4.98,0.08,8.0,12.6
2014-01-10,4.87,0.12,7.9,12.5
2014-01-09,4.98,0.09,8.0,12.7
2014-01-08,4.88,0.09,8.4,12.8
2014-01-07,4.44,0.07,8.2,12.8
2014-01-06,4.26,0.09,8.7,12.6
2014-01-05,4.12,0.09,8.8,12.9
2014-01-04,4.73,0.1,8.9,12.9
2014-01-03,4.77,0.09,8.9,13.9
2014-01-02,4.31,0.07,8.3,13.0
2014-01-01,4.0,0.04,7.7,12.5
2013-12-31,4.83,0.09,7.7,12.9
2013-12-30,3.93,0.08,7.7,12.9
2013-12-29,4.99,0.11,7.8,12.7
2013-12-28,4.84,0.09,7.7,12.6
2013-12-27,4.17,0.1,7.6,12.5
2013-12-26,3.83,0.06,7.7,12.8
2013-12-25,3.65,0.08,7.7,12.3
2013-12-24,3.85,0.08,7.7,12.4
2013-12-23,4.17,0.08,7.7,13.4
2013-12-22,4.1,0.08,7.7,12.0
2013-12-21,4.44,0.09,7.7,11.7
2013-12-20,4.27,0.09,7.7,11.0
2013-12-19,4.65,0.09,7.6,11.7
2013-12-18,3.83,0.08,7.7,11.2
2013-12-17,4.32,0.07,7.7,11.4
2013-12-16,4.06,0.1,7.7,11.2
2013-12-15,4.26,0.09,7.7,11.4
2013-12-14,3.84,0.1,7.7,11.0
2013-12-13,4.35,0.11,7.7,11.3
2013-12-12,4.56,0.1,7.7,10.9
2013-12-11,4.6,0.09,7.7,11.2
2013-12-10,4.48,0.08,7.7,10.5
2013-12-09,4.65,0.08,7.7,10.8
2013-12-08,3.72,0.11,7.7,10.8
2013-12-07,4.49,0.13,7.7,10.6
2013-12-06,4.15,0.13,7.7,10.6
2013-12-05,4.0,0.1,7.8,10.9
2013-12-04,4.15,0.09,7.8,10.7
2013-12-03,4.64,0.11,7.7,11.4
2013-12-02,4.26,0.11,7.7,10.6
2013-12-01,4.48,0.1,7.7,11.1
2013-11-30,4.48,0.15,7.6,8.52
2013-11-29,4.82,0.08,7.7,10.1
2013-11-28,4.57,0.13,7.7,10.0
2013-11-27,4.7,0.13,7.7,10.1
2013-11-26,4.23,0.09,7.7,9.6
2013-11-25,3.73,0.11,7.7,9.7
2013-11-24,3.8,0.11,7.9,9.6
2013-11-23,3.73,0.08,7.8,10.6
2013-11-22,3.64,0.09,7.8,10.2
2013-11-21,4.2,0.07,7.7,10.3
2013-11-20,3.92,0.08,7.8,9.8
2013-11-19,4.16,0.08,7.8,9.2
2013-11-18,4.03,0.07,7.7,9.1
2013-11-17,4.12,0.07,7.6,9.0
2013-11-16,4.11,0.09,7.7,8.6
2013-11-15,4.46,0.07,7.7,8.7
2013-11-14,3.8,0.09,7.7,8.5
2013-11-13,4.36,0.08,7.7,8.2
2013-11-12,3.96,0.06,7.7,8.2
2013-11-11,4.58,0.09,7.7,7.7
2013-11-10,3.96,0.09,7.7,8.0
2013-11-09,4.36,0.07,7.7,8.2
2013-11-08,4.0,0.07,7.7,8.0
2013-11-07,3.58,0.07,7.8,7.9
2013-11-06,3.9,0.08,7.7,7.8
2013-11-05,3.76,0.08,7.6,7.4
2013-11-04,4.07,0.07,7.7,7.7
2013-11-03,4.06,0.08,7.7,7.2
2013-11-02,4.31,0.09,7.8,7.7
2013-11-01,4.85,0.09,7.7,7.6
2013-10-31,4.96,0.08,7.7,7.7
2013-10-30,4.24,0.1,7.8,7.6
2013-10-29,4.39,0.09,7.9,7.9
2013-10-28,4.8,0.07,8.2,8.5
2013-10-27,4.26,0.07,8.0,8.2
2013-10-26,4.69,0.06,8.0,7.9
2013-10-25,4.85,0.09,8.5,8.2
2013-10-24,4.78,0.07,7.7,8.2
2013-10-23,4.16,0.07,7.8,8.1
2013-10-22,4.38,0.07,7.8,9.6
2013-10-21,4.28,0.08,7.9,9.5
2013-10-20,4.73,0.09,7.7,8.9
2013-10-19,4.11,0.08,7.7,8.4
2013-10-18,4.74,0.12,7.7,8.6
2013-10-17,4.36,0.1,7.7,8.4
2013-10-16,4.54,0.11,7.6,7.4
2013-10-15,4.43,0.13,8.0,6.7
2013-10-14,4.98,0.08,7.9,6.7
2013-10-13,4.52,0.07,7.8,6.5
2013-10-12,4.6,0.11,7.7,6.0
2013-10-11,4.48,0.15,7.6,6.0
2013-10-10,4.73,0.14,7.7,6.1
2013-10-09,4.0,0.1,7.6,6.4
2013-10-08,4.94,0.22,7.6,6.4
2013-10-07,4.2,0.18,7.9,6.4
2013-10-06,4.98,0.12,8.0,6.7
2013-10-05,4.0,0.07,7.9,6.4
2013-10-04,4.44,0.08,7.9,6.8
2013-10-03,4.24,0.12,7.9,6.4
2013-10-02,4.08,0.08,7.7,6.0
2013-10-01,3.2,0.06,7.7,6.3
2013-09-30,3.67,0.08,7.7,6.7
2013-09-29,3.64,0.12,7.6,6.1
2013-09-28,4.0,0.09,7.7,6.0
2013-09-27,4.16,0.12,7.6,5.9
2013-09-26,4.52,0.15,7.6,5.8
2013-09-25,4.1,0.13,7.6,5.5
2013-09-24,4.24,0.24,7.6,5.0
2013-09-23,4.4,0.09,7.7,6.2
2013-09-22,4.47,0.08,7.6,5.7
2013-09-21,4.08,0.15,7.7,5.6
2013-09-20,4.45,0.09,7.8,5.5
2013-09-19,4.53,0.07,7.9,5.4
2013-09-18,4.04,0.09,7.8,5.6
2013-09-17,4.93,0.11,7.9,5.5
2013-09-16,4.93,0.08,7.9,5.8
2013-09-15,4.4,0.08,7.8,6.5
2013-09-14,4.91,0.1,7.9,6.2
2013-09-13,3.88,0.11,7.7,5.0
2013-09-12,4.21,0.09,7.9,6.6
2013-09-11,4.2,0.06,8.0,7.1
2013-09-10,4.44,0.11,7.9,7.0
2013-09-09,4.31,0.15,7.9,6.4
2013-09-08,4.49,0.16,8.2,6.4
2013-09-07,4.52,0.11,8.3,6.6
2013-09-06,4.84,0.1,7.9,6.9
2013-09-05,4.0,0.09,8.2,6.6
2013-09-04,4.17,0.07,8.1,6.6
2013-09-03,4.53,0.06,7.9,6.6
2013-09-02,4.62,0.08,7.9,6.8
2013-09-01,3.71,0.1,7.9,6.6
2013-08-31,3.96,0.1,7.8,6.5
2013-08-30,3.68,0.07,7.9,6.5
2013-08-29,3.83,0.13,7.7,5.8
2013-08-28,3.78,0.16,7.7,5.9
2013-08-27,3.88,0.17,7.7,5.8
2013-08-26,3.74,0.14,7.6,5.6
2013-08-25,3.67,0.17,7.6,5.2
2013-08-24,3.26,0.37,7.7,5.3
2013-08-23,3.5,0.36,7.7,5.5
2013-08-22,3.31,0.19,7.7,5.1
2013-08-21,3.83,0.21,7.7,5.2
2013-08-20,4.2,0.19,7.9,5.1
2013-08-19,4.16,0.12,7.8,5.3
2013-08-18,4.4,0.08,7.8,5.6
2013-08-17,4.73,0.09,7.7,4.9
2013-08-16,4.28,0.15,7.7,5.0
2013-08-15,4.28,0.15,7.7,5.4
2013-08-14,3.86,0.1,7.7,5.5
2013-08-13,4.65,0.11,7.7,4.3
2013-08-12,4.31,0.11,7.7,4.4
2013-08-11,3.72,0.12,7.8,4.8
2013-08-10,4.04,0.07,7.9,4.9
2013-08-09,4.0,0.11,7.6,4.1
2013-08-08,4.11,0.08,7.8,5.0
2013-08-07,4.04,0.08,7.8,6.0
2013-08-06,3.93,0.08,7.7,5.0
2013-08-05,3.6,0.19,7.7,5.3
2013-08-04,4.03,0.14,7.7,5.0
2013-08-03,3.41,0.17,7.7,5.1
2013-08-02,3.91,0.1,8.0,5.0
2013-08-01,3.79,0.12,8.3,5.4
2013-07-31,4.85,0.07,8.0,6.0
2013-07-30,3.88,0.06,8.0,5.3
2013-07-29,3.26,0.06,7.8,5.0
2013-07-28,3.96,0.1,7.8,5.1
2013-07-27,3.02,0.07,7.9,5.4
2013-07-26,3.18,0.1,7.8,5.0
2013-07-25,3.02,0.06,7.9,5.7
2013-07-24,3.17,0.09,7.9,5.8
2013-07-23,3.12,0.11,7.9,5.7
2013-07-22,3.42,0.09,7.8,5.4
2013-07-21,3.48,0.05,7.7,5.4
2013-07-20,3.85,0.11,7.8,5.9
2013-07-19,3.75,0.12,7.8,6.0
2013-07-18,3.33,0.09,7.8,6.3
2013-07-17,3.54,0.07,7.7,6.0
2013-07-16,3.26,0.12,7.8,5.8
2013-07-15,3.54,0.11,7.8,5.8
2013-07-14,4.9,0.14,7.8,5.0
2013-07-13,3.59,0.09,7.8,5.0
2013-07-12,3.39,0.09,7.9,5.4
2013-07-11,3.39,0.1,7.9,5.8
2013-07-10,3.31,0.07,7.8,5.8
2013-07-09,3.26,0.3,7.6,5.1
2013-07-08,3.2,0.2,7.6,5.6
2013-07-07,3.51,0.16,7.7,5.5
2013-07-06,3.59,0.21,7.7,5.1
2013-07-05,3.73,0.12,7.7,5.6
2013-07-04,3.58,0.18,7.8,5.4
2013-07-03,3.04,0.18,7.8,5.8
2013-07-02,3.79,0.25,7.7,5.7
2013-07-01,3.37,0.35,7.8,6.3
2013-06-30,3.46,0.62,7.7,6.1
2013-06-29,3.12,0.13,7.7,6.7
2013-06-28,3.42,0.18,7.7,6.6
2013-06-27,3.37,0.25,7.6,6.5
2013-06-26,3.26,0.19,7.7,6.0
2013-06-25,3.52,0.34,7.7,5.6
2013-06-24,3.42,0.18,7.7,5.5
2013-06-23,3.59,0.26,7.7,5.5
2013-06-22,3.07,0.23,7.9,5.8
2013-06-21,3.2,0.15,7.9,5.5
2013-06-20,3.47,0.15,7.9,5.0
2013-06-19,3.26,0.12,8.0,5.9
2013-06-18,3.52,0.21,7.9,5.7
2013-06-17,3.2,0.17,7.8,5.5
2013-06-16,3.51,0.11,7.9,6.8
2013-06-15,3.55,0.14,7.7,6.8
2013-06-14,3.77,0.17,7.9,7.5
2013-06-13,3.15,0.14,7.7,7.1
2013-06-12,3.76,0.1,7.7,6.8
2013-06-11,3.26,0.1,7.8,7.4
2013-06-10,4.17,0.17,7.7,6.9
2013-06-09,5.18,0.12,7.7,7.2
2013-06-08,4.47,0.15,7.7,6.6
2013-06-07,5.09,0.08,7.8,6.5
2013-06-06,5.2,0.11,8.1,7.4
2013-06-05,4.52,0.11,7.9,7.5
2013-06-04,3.8,0.09,7.7,6.9
2013-06-03,3.42,0.11,7.7,7.2
2013-06-02,3.68,0.18,7.6,6.8
2013-06-01,3.23,0.17,7.7,7.2
2013-05-31,3.98,0.18,7.7,6.9
2013-05-30,4.2,0.12,7.7,7.3
2013-05-29,4.94,0.19,7.7,7.4
2013-05-28,5.2,0.14,7.7,7.3
2013-05-27,5.64,0.16,7.7,7.0
2013-05-26,4.65,0.16,7.7,6.4
2013-05-25,4.52,0.11,7.9,7.0
2013-05-24,3.84,0.12,7.8,6.4
2013-05-23,4.1,0.1,7.8,6.7
2013-05-22,3.8,0.12,7.8,7.4
2013-05-21,3.52,0.13,7.7,6.7
2013-05-20,3.39,0.14,7.8,7.9
2013-05-19,4.42,0.12,7.7,7.4
2013-05-18,4.6,0.18,7.7,7.4
2013-05-17,4.99,0.23,7.7,8.5
2013-05-16,4.6,0.14,7.8,7.5
2013-05-15,4.48,0.11,7.9,7.9
2013-05-14,4.07,0.1,7.9,8.6
2013-05-13,3.91,0.08,7.9,8.6
2013-05-12,3.55,0.11,7.8,8.9
2013-05-11,4.29,0.11,7.8,8.5
2013-05-10,4.32,0.14,7.7,8.5
2013-05-09,5.03,0.15,7.7,9.6
2013-05-08,4.77,0.18,7.7,8.4
2013-05-07,4.67,0.12,7.8,8.5
2013-05-06,4.32,0.12,7.7,8.4
2013-05-05,4.64,0.21,7.7,8.9
2013-05-04,4.31,0.12,7.7,8.5
2013-05-03,4.1,0.14,7.7,8.7
2013-05-02,3.87,0.16,7.7,8.6
2013-05-01,4.26,0.18,7.7,8.6
2013-04-30,4.4,0.2,7.7,8.3
2013-04-29,4.46,0.15,7.7,8.4
2013-04-28,4.36,0.17,7.7,9.2
2013-04-27,4.67,0.24,7.7,8.4
2013-04-26,4.28,0.21,7.7,9.3
2013-04-25,4.28,0.18,7.7,9.3
2013-04-24,4.28,0.18,7.7,10.1
2013-04-23,4.28,0.22,7.6,10.1
2013-04-22,4.4,0.15,7.7,10.5
2013-04-21,4.52,0.21,7.7,9.6
2013-04-20,4.92,0.15,7.7,9.6
2013-04-19,4.89,0.18,7.8,8.3
2013-04-18,4.03,0.1,7.8,8.7
2013-04-17,4.26,0.1,7.9,8.6
2013-04-16,4.16,0.08,7.8,8.8
2013-04-15,4.64,0.13,7.9,8.9
2013-04-14,3.98,0.1,7.7,9.8
2013-04-13,4.33,0.1,7.7,9.5
2013-04-12,3.75,0.08,7.7,9.4
2013-04-11,4.13,0.14,7.7,9.3
2013-04-10,3.81,0.12,7.7,9.2
2013-04-09,4.6,0.17,7.7,9.1
2013-04-08,4.85,0.17,7.7,9.3
2013-04-07,4.87,0.17,7.7,9.6
2013-04-06,4.0,0.14,7.7,9.0
2013-04-05,4.49,0.11,7.7,9.2
2013-04-04,4.44,0.08,7.8,9.5
2013-04-03,4.2,0.12,7.8,10.1
2013-04-02,4.16,0.15,7.8,9.7
2013-04-01,4.44,0.07,7.8,10.0
2013-03-31,4.32,0.09,7.8,10.2
2013-03-30,4.81,0.09,7.8,10.2
2013-03-29,3.91,0.09,7.8,10.2
2013-03-28,4.04,0.08,7.7,10.2
2013-03-27,4.32,0.1,7.7,10.4
2013-03-26,4.86,0.18,7.8,10.4
2013-03-25,4.52,0.19,7.7,9.8
2013-03-24,4.0,0.1,7.7,9.7
2013-03-23,4.15,0.18,7.7,9.9
2013-03-22,4.93,0.27,7.8,10.4
2013-03-21,4.0,0.1,7.8,9.8
2013-03-20,4.0,0.08,7.7,9.9
2013-03-19,3.68,0.11,7.7,9.8
2013-03-18,4.36,0.13,7.8,10.6
2013-03-17,3.52,0.13,7.8,10.0
2013-03-16,4.12,0.1,7.7,10.3
2013-03-15,3.84,0.11,7.7,10.4
2013-03-14,4.87,0.17,7.8,10.4
2013-03-13,4.0,0.15,7.8,9.7
2013-03-12,4.75,0.12,7.8,9.8
2013-03-11,3.53,0.1,7.8,9.7
2013-03-10,4.16,0.17,7.8,10.1
2013-03-09,3.44,0.12,7.8,10.4
2013-03-08,3.76,0.18,7.8,10.4
2013-03-07,3.52,0.13,7.8,10.8
2013-03-06,4.12,0.19,7.8,11.1
2013-03-05,3.91,0.19,7.8,11.1
2013-03-04,3.88,0.14,7.7,10.9
2013-03-03,3.6,0.17,7.8,10.9
2013-03-02,4.7,0.21,7.7,11.0
2013-03-01,4.15,0.29,7.8,10.6
2013-02-28,4.42,0.23,7.8,11.2
2013-02-27,4.36,0.12,7.8,11.1
2013-02-26,4.6,0.17,7.7,12.1
2013-02-25,4.57,0.32,7.7,11.5
2013-02-24,4.42,0.28,7.7,11.6
2013-02-23,4.03,0.34,7.7,11.7
2013-02-22,4.48,0.27,7.7,12.1
2013-02-21,4.0,0.23,7.7,11.9
2013-02-20,3.88,0.15,7.7,12.0
2013-02-19,4.28,0.22,7.7,11.6
2013-02-18,4.31,0.23,7.7,12.1
2013-02-17,4.8,0.2,7.7,12.2
2013-02-16,4.02,0.15,7.7,12.2
2013-02-15,3.75,0.16,7.7,12.0
2013-02-14,4.56,0.22,7.7,12.8
2013-02-13,3.59,0.17,7.7,12.3
2013-02-12,4.85,0.17,7.7,12.3
2013-02-11,4.43,0.19,7.7,12.3
2013-02-10,4.0,0.17,7.7,12.9
2013-02-09,4.03,0.17,7.7,12.5
2013-02-08,4.87,0.22,7.7,11.9
2013-02-07,3.44,0.24,7.7,11.2
2013-02-06,4.17,0.12,7.7,12.2
2013-02-05,4.69,0.15,7.7,11.4
2013-02-04,4.56,0.16,7.7,11.3
2013-02-03,4.54,0.11,7.7,11.4
2013-02-02,4.39,0.2,7.7,12.5
2013-02-01,4.2,0.13,7.7,12.4
2013-01-31,4.77,0.2,7.7,12.3
2013-01-30,4.06,0.41,7.7,12.3
2013-01-29,4.88,0.44,7.7,12.6
2013-01-28,3.84,0.08,7.7,13.1
2013-01-27,4.28,0.13,7.7,12.8
2013-01-26,3.77,0.15,7.7,11.6
2013-01-25,4.29,0.17,7.7,13.3
2013-01-24,4.18,0.12,7.7,12.6
2013-01-23,4.49,0.2,7.7,13.1
2013-01-22,4.68,0.15,7.7,12.8
2013-01-21,4.0,0.23,7.7,13.4
2013-01-20,4.3,0.25,7.7,13.2
2013-01-19,4.13,0.24,7.7,13.2
2013-01-18,3.86,0.14,7.7,12.9
2013-01-17,3.75,0.14,7.7,13.1
2013-01-16,3.87,0.17,7.7,13.1
2013-01-15,3.92,0.18,7.7,12.8
2013-01-14,3.87,0.15,7.7,13.1
2013-01-13,4.16,0.19,7.7,13.3
2013-01-12,3.56,0.16,7.7,13.4
2013-01-11,3.96,0.26,7.7,13.0
2013-01-10,4.18,0.21,7.7,13.6
2013-01-09,3.55,0.121,7.7,13.5
2013-01-08,4.01,0.17,7.7,13.7
2013-01-07,4.0,0.21,7.7,13.3
2013-01-06,4.12,0.19,7.7,13.7
2013-01-05,4.16,0.32,7.7,13.9
2013-01-04,4.24,0.19,7.7,13.4
2013-01-03,4.88,0.28,7.7,13.0
2013-01-02,4.0,0.21,7.7,13.3
2013-01-01,4.45,0.16,7.7,14.3
2012-12-31,4.52,0.16,7.7,13.5
2012-12-30,4.87,0.28,7.7,12.4
2012-12-29,3.72,0.11,7.7,12.6
2012-12-28,4.45,0.27,7.7,13.8
2012-12-27,4.35,0.25,7.7,13.0
2012-12-26,4.78,0.17,7.7,12.7
2012-12-25,3.87,0.18,7.7,13.1
2012-12-24,3.95,0.16,7.7,12.7
2012-12-23,4.26,0.05,7.7,12.0
2012-12-22,3.87,0.15,7.7,12.0
2012-12-21,4.69,0.12,7.7,12.1
2012-12-20,4.37,0.19,7.7,11.8
2012-12-19,4.04,0.07,7.7,11.8
2012-12-18,3.75,0.18,7.7,11.2
2012-12-17,3.93,0.11,7.7,11.5
2012-12-16,3.98,0.17,7.7,11.8
2012-12-15,4.03,0.12,7.7,11.5
2012-12-14,3.99,0.1,7.7,11.5
2012-12-13,4.52,0.05,7.8,12.0
2012-12-12,4.43,0.05,7.7,12.6
2012-12-11,4.03,0.08,7.7,11.7
2012-12-10,4.33,0.09,7.7,11.5
2012-12-09,4.28,0.05,7.7,11.2
2012-12-08,3.59,0.06,7.7,11.6
2012-12-07,4.75,0.05,7.7,11.3
2012-12-06,4.38,0.08,7.8,10.7
2012-12-05,4.0,0.03,7.8,10.8
2012-12-04,4.47,0.13,7.7,11.6
2012-12-03,3.98,0.06,7.7,10.6
2012-12-02,4.02,0.11,7.7,10.7
2012-12-01,3.52,0.15,7.8,10.7
2012-11-30,3.72,0.19,7.7,11.3
2012-11-29,3.87,0.15,7.7,11.2
2012-11-28,4.72,0.12,7.7,11.8
2012-11-27,4.51,0.08,7.7,12.0
2012-11-26,4.03,0.26,7.7,12.7
2012-11-25,3.07,0.15,7.7,11.4
2012-11-24,3.32,0.24,7.7,11.9
2012-11-23,3.34,0.23,7.7,11.1
2012-11-22,3.88,0.17,7.7,11.4
2012-11-21,3.56,0.18,7.7,11.4
2012-11-20,3.71,0.11,7.7,11.5
2012-11-19,3.78,0.12,7.7,11.8
2012-11-18,3.84,0.1,7.7,11.4
2012-11-17,3.64,0.09,7.7,11.7
2012-11-16,4.36,0.09,7.8,11.2
2012-11-15,3.72,0.07,7.8,11.1
2012-11-14,3.77,0.1,7.7,11.0
2012-11-13,3.64,0.09,7.7,10.1
2012-11-12,4.0,0.17,7.7,9.9
2012-11-11,3.72,0.18,7.7,9.8
2012-11-10,3.92,0.14,7.7,9.8
2012-11-09,3.8,0.1,7.7,9.4
2012-11-08,3.84,0.1,7.7,9.7
2012-11-07,3.8,0.1,7.7,9.5
2012-11-06,4.36,0.11,7.7,10.1
2012-11-05,3.84,0.13,7.7,9.0
2012-11-04,4.04,0.11,7.7,9.1
2012-11-03,3.98,0.08,7.7,8.9
2012-11-02,3.87,0.06,7.7,9.4
2012-11-01,3.98,0.07,7.7,8.6
2012-10-31,4.17,0.07,7.7,8.2
2012-10-30,4.31,0.06,7.7,8.3
2012-10-29,3.67,0.07,7.7,8.4
2012-10-28,4.15,0.09,7.7,8.0
2012-10-27,4.44,0.06,7.7,8.1
2012-10-26,3.96,0.06,7.7,8.4
2012-10-25,4.12,0.06,7.7,8.6
2012-10-24,4.02,0.07,7.7,8.2
2012-10-23,4.44,0.06,7.7,8.2
2012-10-22,4.32,0.05,7.8,7.7
2012-10-21,4.36,0.08,7.8,8.4
2012-10-20,4.4,0.05,7.9,8.2
2012-10-19,4.2,0.04,7.7,8.1
2012-10-18,4.12,0.05,7.8,8.0
2012-10-17,3.76,0.06,7.7,8.0
2012-10-16,4.11,0.06,7.8,7.7
2012-10-15,4.57,0.04,8.0,7.9
2012-10-14,4.44,0.05,8.0,7.8
2012-10-13,4.88,0.07,8.3,8.1
2012-10-12,4.4,0.06,8.2,7.9
2012-10-11,4.49,0.04,8.0,7.2
2012-10-10,4.28,0.04,8.2,7.7
2012-10-09,4.72,0.06,8.0,7.8
2012-10-08,4.24,0.05,8.2,7.4
2012-10-07,4.65,0.04,8.2,7.8
2012-10-06,4.51,0.05,8.5,7.7
2012-10-05,4.6,0.07,8.3,7.9
2012-10-04,4.36,0.06,8.5,7.9
2012-10-03,4.33,0.08,8.2,7.5
2012-10-02,3.83,0.05,8.0,7.7
2012-10-01,4.6,0.06,7.8,7.4
2012-09-30,4.18,0.07,7.9,7.4
2012-09-29,4.46,0.06,7.9,7.0
2012-09-28,4.26,0.04,8.0,7.0
2012-09-27,4.43,0.08,8.0,7.0
2012-09-26,4.35,0.05,8.3,7.2
2012-09-25,4.42,0.07,8.5,7.2
2012-09-24,4.48,0.06,8.7,7.3
2012-09-23,4.46,0.06,8.6,7.5
2012-09-22,4.03,0.06,8.7,7.6
2012-09-21,4.08,0.07,9.0,8.0
2012-09-20,4.44,0.06,8.9,8.5
2012-09-19,4.24,0.08,8.7,8.4
2012-09-18,4.28,0.07,8.7,7.9
2012-09-17,4.27,0.09,8.3,7.6
2012-09-16,4.16,0.05,8.8,8.0
2012-09-15,4.47,0.07,8.1,7.6
2012-09-14,4.18,0.07,8.2,7.2
2012-09-13,4.25,0.06,8.7,7.2
2012-09-12,4.0,0.05,8.8,7.4
2012-09-11,4.45,0.08,8.5,7.4
2012-09-10,4.1,0.07,8.3,6.8
2012-09-09,4.54,0.09,8.5,6.9
2012-09-08,4.77,0.07,8.7,7.4
2012-09-07,4.39,0.11,8.5,7.3
2012-09-06,4.28,0.09,8.5,7.3
2012-09-05,3.86,0.14,7.9,6.8
2012-09-04,3.96,0.12,8.0,6.9
2012-09-03,4.56,0.12,8.3,6.8
2012-09-02,4.12,0.09,8.6,6.5
2012-09-01,4.44,0.09,8.3,6.6
2012-08-31,4.44,0.04,8.2,6.7
2012-08-30,4.65,0.13,7.7,7.2
2012-08-29,4.34,0.08,7.8,7.8
2012-08-28,4.0,0.08,8.3,7.4
2012-08-27,4.35,0.04,8.3,7.6
2012-08-26,4.34,0.08,7.8,7.8
2012-08-25,4.04,0.06,7.8,7.7
2012-08-24,4.08,0.13,7.7,7.5
2012-08-23,4.28,0.11,7.7,7.3
2012-08-22,4.85,0.12,7.9,7.0
2012-08-21,4.85,0.06,8.1,6.7
2012-08-20,4.12,0.12,8.3,6.7
2012-08-19,4.2,0.1,8.0,6.5
2012-08-18,4.57,0.12,8.0,6.7
2012-08-17,4.03,0.12,8.2,6.7
2012-08-16,3.96,0.14,7.7,6.7
2012-08-15,4.36,0.13,7.5,5.7
2012-08-14,4.78,0.15,7.5,7.0
2012-08-13,4.24,0.12,7.6,6.3
2012-08-12,4.48,0.15,7.7,7.0
2012-08-11,3.88,0.26,7.5,6.9
2012-08-10,4.52,0.14,7.6,7.8
2012-08-09,4.93,0.16,7.7,7.5
2012-08-08,3.96,0.15,7.7,7.4
2012-08-07,3.96,0.11,7.8,7.0
2012-08-06,4.24,0.12,7.7,6.5
2012-08-05,4.4,0.21,7.6,6.5
2012-08-04,4.8,0.15,7.7,6.8
2012-08-03,4.24,0.11,7.8,6.7
2012-08-02,4.32,0.14,8.1,6.9
2012-08-01,4.65,0.12,8.5,7.7
2012-07-31,4.41,0.13,8.3,6.7
2012-07-30,3.95,0.12,7.8,6.5
2012-07-29,4.44,0.09,7.9,6.9
2012-07-28,4.28,0.09,7.9,6.9
2012-07-27,4.12,0.07,8.3,7.0
2012-07-26,3.84,0.11,7.9,6.9
2012-07-25,4.42,0.09,7.9,7.0
2012-07-24,4.44,0.11,8.0,7.0
2012-07-23,4.48,0.07,8.2,6.9
2012-07-22,4.65,0.07,8.3,6.3
2012-07-21,4.18,0.07,8.4,7.2
2012-07-20,4.48,0.04,8.5,7.5
2012-07-19,3.92,0.06,8.7,7.6
2012-07-18,4.07,0.05,8.8,7.8
2012-07-17,4.8,0.1,8.7,7.6
2012-07-16,4.24,0.02,8.6,7.5
2012-07-15,4.12,0.12,7.9,6.2
2012-07-14,3.76,0.09,7.8,6.1
2012-07-13,4.04,0.12,7.8,6.4
2012-07-12,3.04,0.12,7.7,5.9
2012-07-11,3.59,0.09,7.9,6.0
2012-07-10,3.01,0.11,7.7,6.3
2012-07-09,3.71,0.09,7.6,6.3
2012-07-08,3.78,0.1,7.7,7.0
2012-07-07,4.04,0.11,7.7,6.9
2012-07-06,3.72,0.12,7.7,6.4
2012-07-05,4.26,0.09,7.7,6.3
2012-07-04,3.59,0.08,7.7,6.5
2012-07-03,3.55,0.06,7.7,6.7
2012-07-02,3.45,0.11,7.7,6.4
2012-07-01,4.47,0.08,7.7,6.8
2012-06-30,3.83,0.09,7.7,7.1
2012-06-29,3.67,0.1,7.7,7.1
2012-06-28,4.36,0.12,7.7,7.2
2012-06-27,4.35,0.11,7.6,6.9
2012-06-26,4.36,0.08,7.7,6.7
2012-06-25,3.85,0.06,7.6,6.8
2012-06-24,3.98,0.12,7.6,6.6
2012-06-23,4.54,0.09,7.6,7.1
2012-06-22,4.15,0.06,7.7,6.7
2012-06-21,3.59,0.05,7.7,7.0
2012-06-20,3.44,0.09,7.7,6.5
2012-06-19,3.84,0.12,7.6,6.5
2012-06-18,4.0,0.08,7.7,6.7
2012-06-17,4.44,0.1,7.8,6.5
2012-06-16,4.2,0.11,7.8,6.7
2012-06-15,4.52,0.12,7.6,6.3
2012-06-14,3.52,0.12,7.7,6.3
2012-06-13,3.56,0.1,7.7,6.3
2012-06-12,3.88,0.17,7.7,6.4
2012-06-11,3.91,0.08,7.7,6.3
2012-06-10,3.6,0.07,7.9,6.9
2012-06-09,3.76,0.09,7.7,7.1
2012-06-08,3.84,0.11,7.7,6.7
2012-06-07,3.67,0.08,7.6,7.4
2012-06-06,4.16,0.1,7.7,7.2
2012-06-05,3.84,0.06,7.6,7.5
2012-06-04,4.28,0.07,7.7,7.5
2012-06-03,3.88,0.09,7.6,7.4
2012-06-02,4.15,0.12,7.6,7.5
2012-06-01,3.3,0.09,7.6,7.6
2012-05-31,4.0,0.13,7.6,7.6
2012-05-30,4.36,0.17,7.6,7.2
2012-05-29,3.64,0.07,7.6,7.5
2012-05-28,3.68,0.05,7.7,7.7
2012-05-27,3.6,0.07,7.7,7.9
2012-05-26,3.79,0.12,7.5,7.4
2012-05-25,3.96,0.13,7.5,7.4
2012-05-24,3.84,0.14,7.6,7.7
2012-05-23,3.56,0.12,7.6,7.4
2012-05-22,3.92,0.14,7.6,7.5
2012-05-21,3.92,0.14,7.6,8.0
2012-05-20,3.68,0.19,7.6,7.5
2012-05-19,3.83,0.08,7.6,7.1
2012-05-18,3.72,0.11,7.6,8.1
2012-05-17,4.08,0.1,7.7,8.1
2012-05-16,4.04,0.09,7.6,8.3
2012-05-15,4.25,0.11,7.7,8.2
2012-05-14,4.4,0.09,7.6,8.3
2012-05-13,4.15,0.1,7.6,8.3
2012-05-12,4.04,0.11,7.7,6.3
2012-05-11,4.67,0.07,7.7,8.2
2012-05-10,4.12,0.1,7.6,8.2
2012-05-09,4.2,0.14,7.6,8.0
2012-05-08,3.61,0.12,7.7,7.7
2012-05-07,3.62,0.1,7.6,7.8
2012-05-06,4.13,0.07,7.7,8.2
2012-05-05,3.87,0.06,7.7,8.0
2012-05-04,4.0,0.08,7.7,8.2
2012-05-03,4.04,0.07,7.8,8.1
2012-05-02,4.12,0.07,7.7,8.2
2012-05-01,3.68,0.08,7.7,7.8
2012-04-30,3.68,0.08,7.7,7.8
2012-04-29,4.44,0.07,7.6,7.9
2012-04-28,3.84,0.13,7.8,8.2
2012-04-27,4.65,0.12,7.9,8.1
2012-04-26,4.08,0.12,7.8,8.4
2012-04-25,4.48,0.17,7.8,7.9
2012-04-24,4.45,0.15,7.6,8.2
2012-04-23,4.36,0.16,7.7,8.2
2012-04-22,4.48,0.2,7.7,8.4
2012-04-21,3.76,0.19,7.7,7.8
2012-04-20,4.45,0.16,7.5,8.3
2012-04-19,4.16,0.15,7.5,8.0
2012-04-18,4.0,0.18,7.5,8.2
2012-04-17,4.4,0.15,7.5,8.4
2012-04-16,4.63,0.14,7.5,8.1
2012-04-15,4.65,0.15,7.5,8.0
2012-04-14,4.24,0.16,7.5,8.0
2012-04-13,4.6,0.14,7.6,8.2
2012-04-12,4.12,0.13,7.5,8.3
2012-04-11,4.24,0.11,7.6,9.3
2012-04-10,4.16,0.17,7.7,9.8
2012-04-09,4.85,0.11,7.7,9.9
2012-04-08,4.81,0.14,7.6,10.4
2012-04-07,4.6,0.23,7.6,9.9
2012-04-06,3.94,0.18,7.7,10.3
2012-04-05,3.72,0.14,7.6,10.0
2012-04-04,4.89,0.13,7.7,10.1
2012-04-03,4.36,0.17,7.7,10.0
2012-04-02,4.48,0.25,7.7,10.4
2012-04-01,5.17,0.34,7.6,10.7
2012-03-31,5.17,0.28,7.7,11.5
2012-03-30,5.1,0.3,7.8,10.7
2012-03-29,5.24,0.38,7.9,11.4
2012-03-28,5.22,0.46,7.8,11.2
2012-03-27,5.84,0.55,7.8,12.8
2012-03-26,5.6,0.52,7.8,12.0
2012-03-25,5.44,0.84,7.7,11.4
2012-03-24,5.98,0.75,7.7,11.7
2012-03-23,5.69,0.77,7.7,11.2
2012-03-22,5.86,0.75,7.8,11.2
2012-03-21,5.44,0.58,7.8,12.5
2012-03-20,5.94,0.52,7.9,11.9
2012-03-19,5.28,0.54,7.9,12.5
2012-03-18,5.78,0.47,7.9,10.7
2012-03-17,5.72,0.55,7.9,12.3
2012-03-16,5.95,0.52,7.9,11.2
2012-03-15,6.18,0.61,8.4,12.5
2012-03-14,5.87,0.69,8.2,12.1
2012-03-13,5.55,0.54,8.5,12.6
2012-03-12,5.76,1.02,8.1,12.4
2012-03-11,5.86,0.77,7.9,12.3
2012-03-10,5.48,0.69,8.0,12.4
2012-03-09,5.28,0.79,7.9,12.3
2012-03-08,5.06,0.41,7.9,12.6
2012-03-07,5.21,0.28,7.9,12.7
2012-03-06,5.6,0.43,7.9,12.1
2012-03-05,5.07,0.45,7.9,12.5
2012-03-04,5.2,0.49,7.8,12.3
2012-03-03,5.69,0.42,7.8,12.6
2012-03-02,5.44,0.47,7.9,12.0
2012-03-01,5.0,0.54,7.8,12.8
2012-02-29,5.96,0.48,7.9,12.6
2012-02-28,5.78,0.4,7.8,13.3
2012-02-27,5.79,0.35,7.8,12.1
2012-02-26,5.37,0.42,7.7,12.3
2012-02-25,5.01,0.21,7.7,12.2
2012-02-24,4.96,0.07,7.7,13.2
2012-02-23,4.89,0.04,7.8,13.2
2012-02-22,4.27,0.08,7.9,13.3
2012-02-21,4.59,0.04,7.9,13.4
2012-02-20,4.07,0.06,7.9,13.6
2012-02-19,4.16,0.04,7.9,12.9
2012-02-18,3.76,0.08,7.9,13.2
2012-02-17,4.04,0.06,7.9,12.8
2012-02-16,4.73,0.06,7.8,13.3
2012-02-15,4.98,0.05,7.8,12.4
2012-02-14,4.67,0.13,7.8,12.6
2012-02-13,4.6,0.08,7.8,13.1
2012-02-12,4.2,0.06,7.9,13.3
2012-02-11,4.4,0.05,7.8,13.0
2012-02-10,4.88,0.05,7.9,13.4
2012-02-09,4.89,0.07,7.8,13.4
2012-02-08,4.64,0.05,7.9,13.5
2012-02-07,4.0,0.03,8.0,12.4
2012-02-06,3.84,0.05,7.9,13.4
2012-02-05,4.8,0.06,7.9,13.3
2012-02-04,4.78,0.06,7.9,13.6
2012-02-03,4.16,0.04,7.9,12.8
2012-02-02,3.82,0.04,7.9,13.1
2012-02-01,3.8,0.09,8.0,13.4
2012-01-31,4.67,0.07,7.9,13.4
2012-01-30,5.06,0.06,7.8,12.8
2012-01-29,4.61,0.1,7.9,13.5
2012-01-28,4.56,0.07,7.9,14.0
2012-01-27,4.83,0.16,7.9,14.2
2012-01-26,4.36,0.11,7.9,13.1
2012-01-25,4.16,0.08,7.8,13.5
2012-01-24,3.72,0.07,7.8,13.0
2012-01-23,3.68,0.06,7.9,13.3
2012-01-22,4.12,0.11,8.0,12.8
2012-01-21,4.2,0.19,7.9,12.4
2012-01-20,3.68,0.09,8.1,12.7
2012-01-19,3.79,0.33,7.7,12.4
2012-01-18,3.2,0.21,7.9,13.1
2012-01-17,3.86,0.11,7.9,12.8
2012-01-16,4.0,0.09,7.8,12.8
2012-01-15,4.73,0.06,8.0,13.7
2012-01-14,4.73,0.05,8.4,13.9
2012-01-13,4.43,0.09,8.3,13.9
2012-01-12,4.32,0.1,7.9,13.1
2012-01-11,4.62,0.1,7.9,13.4
2012-01-10,4.06,0.11,7.8,12.9
2012-01-09,3.27,0.19,7.8,13.4
2012-01-08,3.91,0.1,8.0,12.8
2012-01-07,3.96,0.06,7.8,13.9
2012-01-06,3.42,0.07,7.9,13.1
2012-01-05,3.19,0.1,7.9,13.2
2012-01-04,3.17,0.1,8.0,13.0
2012-01-03,3.61,0.08,7.9,13.0
2012-01-02,3.23,0.07,8.4,13.1
2012-01-01,3.23,0.15,8.2,12.8
2011-12-31,3.81,0.14,8.0,12.8
2011-12-30,3.09,0.21,7.9,13.4
2011-12-29,3.09,0.22,7.9,12.7
2011-12-28,3.08,0.3,7.9,12.6
2011-12-27,3.37,0.25,7.9,13.0
2011-12-26,3.34,0.17,8.0,13.9
2011-12-25,3.47,0.2,7.9,12.6
2011-12-24,3.45,0.21,7.9,12.4
2011-12-23,3.15,0.28,7.9,12.3
2011-12-22,3.32,0.25,7.8,13.8
2011-12-21,3.12,0.23,7.9,12.7
2011-12-20,3.12,0.2,7.9,12.6
2011-12-19,3.45,0.18,7.8,12.6
2011-12-18,3.96,0.18,7.7,12.9
2011-12-17,3.87,0.15,7.7,12.0
2011-12-16,3.56,0.18,7.8,11.9
2011-12-15,3.15,0.21,7.8,12.3
2011-12-14,3.79,0.15,7.7,11.7
2011-12-13,4.26,0.15,7.7,11.9
2011-12-12,3.62,0.12,7.7,11.9
2011-12-11,4.11,0.08,7.7,11.7
2011-12-10,4.84,0.08,7.6,11.6
2011-12-09,4.69,0.18,7.7,10.7
2011-12-08,3.3,0.1,7.7,10.3
2011-12-07,4.15,0.12,7.7,10.8
2011-12-06,3.44,0.1,7.7,11.6
2011-12-05,3.72,0.08,7.7,10.7
2011-12-04,4.49,0.12,7.7,10.3
2011-12-03,4.08,0.06,7.7,10.5
2011-12-02,4.48,0.09,7.6,10.1
2011-12-01,4.12,0.13,7.7,9.3
2011-11-30,3.88,0.05,7.8,9.2
2011-11-29,4.08,0.05,7.9,9.8
2011-11-28,4.15,0.06,7.7,10.2
2011-11-27,4.28,0.07,7.9,10.1
2011-11-26,4.18,0.04,7.9,9.9
2011-11-25,4.06,0.05,7.9,9.9
2011-11-24,4.64,0.07,7.8,10.2
2011-11-23,5.23,0.08,7.7,9.4
2011-11-22,4.31,0.08,7.7,9.6
2011-11-21,4.48,0.05,7.7,8.8
2011-11-20,4.37,0.05,7.7,8.5
2011-11-19,4.15,0.05,7.7,8.6
2011-11-18,3.88,0.05,7.7,8.6
2011-11-17,4.11,0.06,7.7,9.8
2011-11-16,4.36,0.04,7.9,9.9
2011-11-15,4.11,0.06,7.8,9.3
2011-11-14,4.67,0.06,7.8,9.6
2011-11-13,4.24,0.07,7.7,9.1
2011-11-12,4.54,0.05,7.7,9.3
2011-11-11,4.69,0.06,7.7,8.7
2011-11-10,4.39,0.07,7.7,8.6
2011-11-09,4.48,0.07,7.6,8.2
2011-11-08,4.67,0.05,7.7,8.2
2011-11-07,4.61,0.05,7.7,8.1
2011-11-06,3.56,0.06,7.7,8.1
2011-11-05,4.36,0.04,7.7,8.3
2011-11-04,4.24,0.05,7.7,8.4
2011-11-03,4.69,0.05,7.7,8.5
2011-11-02,3.36,0.03,7.7,8.6
2011-11-01,4.77,0.05,7.7,8.7
2011-10-31,4.67,0.06,7.7,8.9
2011-10-30,4.91,0.06,7.7,8.6
2011-10-29,4.72,0.05,7.7,8.7
2011-10-28,4.48,0.05,7.7,8.7
2011-10-27,4.94,0.06,7.7,8.5
2011-10-26,4.23,0.05,7.7,8.3
2011-10-25,4.23,0.08,7.8,8.1
2011-10-24,4.88,0.05,8.3,8.2
2011-10-23,4.91,0.06,8.5,8.4
2011-10-22,4.64,0.05,7.8,8.7
2011-10-21,4.16,0.06,7.7,8.1
2011-10-20,4.7,0.08,7.8,8.3
2011-10-19,4.72,0.07,7.8,8.9
2011-10-18,4.67,0.05,7.9,8.2
2011-10-17,4.43,0.09,7.7,8.2
2011-10-16,4.38,0.07,7.7,8.0
2011-10-15,4.91,0.06,7.6,8.0
2011-10-14,4.38,0.04,7.7,7.5
2011-10-13,3.86,0.06,7.8,7.5
2011-10-12,4.08,0.06,7.8,7.4
2011-10-11,3.88,0.06,8.4,8.0
2011-10-10,3.81,0.05,8.5,8.3
2011-10-09,3.36,0.03,8.2,8.4
2011-10-08,3.64,0.05,8.0,8.8
2011-10-07,4.12,0.05,7.7,8.9
2011-10-06,3.36,0.05,7.7,8.4
2011-10-05,3.56,0.07,7.6,8.3
2011-10-04,4.0,0.12,7.6,7.8
2011-10-03,4.21,0.06,7.7,7.7
2011-10-02,4.4,0.07,7.7,7.8
2011-10-01,3.49,0.06,7.7,7.4
2011-09-30,4.28,0.05,7.8,7.2
2011-09-29,4.36,0.05,8.1,7.5
2011-09-28,3.84,0.05,8.3,7.4
2011-09-27,4.36,0.07,8.5,7.5
2011-09-26,3.96,0.05,8.5,7.9
2011-09-25,4.67,0.05,8.5,8.5
2011-09-24,3.96,0.05,8.5,8.3
2011-09-23,4.51,0.06,8.4,8.2
2011-09-22,4.32,0.06,8.0,8.1
2011-09-21,3.84,0.06,7.9,7.9
2011-09-20,4.12,0.05,7.9,7.5
2011-09-19,3.73,0.04,8.7,6.8
2011-09-18,4.27,0.04,9.1,7.2
2011-09-17,4.31,0.05,9.0,7.4
2011-09-16,4.6,0.04,9.2,7.7
2011-09-15,5.07,0.05,9.1,7.8
2011-09-14,4.06,0.04,8.9,7.6
2011-09-13,4.23,0.05,8.9,8.0
2011-09-12,4.0,0.05,8.7,7.8
2011-09-11,3.68,0.05,8.5,6.8
2011-09-10,4.16,0.07,8.7,7.1
2011-09-09,4.05,0.06,8.7,7.4
2011-09-08,4.57,0.06,8.7,7.5
2011-09-07,3.46,0.07,8.8,7.0
2011-09-06,3.96,0.05,9.0,7.8
2011-09-05,4.24,0.08,8.6,7.7
2011-09-04,4.2,0.05,8.4,7.1
2011-09-03,3.76,0.08,7.8,6.8
2011-09-02,4.2,0.09,7.7,6.6
2011-09-01,3.72,0.14,7.7,6.7
2011-08-31,3.6,0.15,7.7,6.4
2011-08-30,3.96,0.12,7.7,6.3
2011-08-29,3.72,0.1,7.8,6.8
2011-08-28,4.2,0.11,7.7,7.0
2011-08-27,3.88,0.12,7.7,7.0
2011-08-26,3.28,0.2,7.7,6.8
2011-08-25,4.0,0.1,8.0,6.7
2011-08-24,4.12,0.07,8.3,7.1
2011-08-23,3.83,0.05,8.3,6.9
2011-08-22,3.49,0.07,7.9,6.8
2011-08-21,3.47,0.09,7.8,6.5
2011-08-20,3.36,0.1,7.8,6.5
2011-08-19,3.44,0.12,7.7,6.4
2011-08-18,3.92,0.09,7.8,6.6
2011-08-17,3.92,0.12,7.7,6.2
2011-08-16,3.72,0.06,8.1,6.5
2011-08-15,3.56,0.09,8.5,6.3
2011-08-14,3.56,0.06,8.8,6.5
2011-08-13,3.64,0.04,8.9,6.6
2011-08-12,3.47,0.07,9.1,7.1
2011-08-11,4.64,0.08,9.1,7.3
2011-08-10,5.47,0.05,8.9,7.5
2011-08-09,5.01,0.07,8.8,7.1
2011-08-08,4.24,0.07,7.9,6.7
2011-08-07,5.2,0.04,8.4,6.4
2011-08-06,3.2,0.08,8.0,6.5
2011-08-05,3.52,0.06,7.8,6.4
2011-08-04,3.5,0.07,7.8,6.5
2011-08-03,3.34,0.08,7.8,6.5
2011-08-02,3.5,0.08,7.8,6.3
2011-08-01,3.64,0.1,7.8,6.4
2011-07-31,3.15,0.09,7.8,6.5
2011-07-30,3.32,0.1,7.7,6.6
2011-07-29,3.44,0.11,7.7,6.3
2011-07-28,3.91,0.18,7.7,6.1
2011-07-27,3.72,0.1,7.7,6.1
2011-07-26,3.26,0.08,8.2,6.4
2011-07-25,3.3,0.1,8.2,6.4
2011-07-24,4.04,0.08,8.3,6.4
2011-07-23,4.04,0.08,8.4,7.1
2011-07-22,3.2,0.09,7.9,6.8
2011-07-21,3.25,0.06,7.9,6.8
2011-07-20,3.67,0.07,8.0,7.0
2011-07-19,3.52,0.08,8.3,7.3
2011-07-18,3.45,0.06,8.3,7.1
2011-07-17,3.76,0.08,7.8,7.7
2011-07-16,3.84,0.08,7.8,6.8
2011-07-15,3.2,0.13,7.7,7.6
2011-07-14,3.39,0.12,7.8,7.5
2011-07-13,3.76,0.14,7.8,7.4
2011-07-12,3.4,0.17,7.7,7.2
2011-07-11,4.04,0.17,7.7,7.5
2011-07-10,3.84,0.16,7.7,7.5
2011-07-09,3.11,0.11,7.8,7.0
2011-07-08,3.37,0.09,7.8,6.6
2011-07-07,3.23,0.09,7.8,7.2
2011-07-06,3.23,0.08,8.2,7.2
2011-07-05,3.01,0.07,8.3,7.0
2011-07-04,3.25,0.11,7.9,6.7
2011-07-03,3.42,0.1,7.8,7.4
2011-07-02,3.26,0.05,7.8,7.7
2011-07-01,3.11,0.12,7.8,7.6
2011-06-30,3.84,0.1,7.8,7.5
2011-06-29,3.51,0.13,7.8,7.5
2011-06-28,3.7,0.15,7.7,7.8
2011-06-27,3.88,0.14,7.8,8.3
2011-06-26,4.4,0.14,7.8,8.1
2011-06-25,3.26,0.07,7.7,7.8
2011-06-24,3.54,0.06,7.7,7.3
2011-06-23,3.54,0.07,7.8,8.0
2011-06-22,3.26,0.09,7.7,7.5
2011-06-21,3.83,0.11,7.7,8.0
2011-06-20,3.83,0.1,7.7,7.9
2011-06-19,3.01,0.12,7.7,8.7
2011-06-18,3.01,0.08,7.7,8.8
2011-06-17,3.01,0.13,7.7,8.8
2011-06-16,3.2,0.11,7.7,8.6
2011-06-15,3.25,0.11,7.8,8.7
2011-06-14,3.25,0.07,7.8,8.0
2011-06-13,3.25,0.12,7.7,8.0
2011-06-12,3.25,0.11,7.7,8.2
2011-06-11,3.25,0.14,7.8,7.7
2011-06-10,3.17,0.12,7.8,8.0
2011-06-09,3.17,0.11,7.7,7.8
2011-06-08,3.17,0.11,7.7,7.8
2011-06-07,3.3,0.13,7.7,8.5
2011-06-06,3.3,0.11,7.7,8.4
2011-06-05,3.31,0.11,7.7,7.7
2011-06-04,3.31,0.1,7.8,7.7
2011-06-03,3.37,0.11,7.8,7.7
2011-06-02,3.62,0.1,7.8,8.4
2011-06-01,3.52,0.07,7.8,8.4
2011-05-31,3.51,0.07,7.7,8.0
2011-05-30,3.5,0.08,7.8,7.8
2011-05-29,3.02,0.06,7.7,8.1
2011-05-28,3.88,0.1,7.7,8.3
2011-05-27,4.08,0.08,7.7,8.0
2011-05-26,3.36,0.14,7.8,7.9
2011-05-25,3.37,0.13,7.7,8.0
2011-05-24,3.84,0.14,7.7,8.9
2011-05-23,3.88,0.14,7.7,8.1
2011-05-22,3.76,0.18,7.7,7.3
2011-05-21,4.27,0.11,7.7,6.5
2011-05-20,4.03,0.11,7.7,6.8
2011-05-19,3.28,0.1,7.7,7.3
2011-05-18,4.16,0.15,7.7,7.2
2011-05-17,4.16,0.08,7.8,7.3
2011-05-16,3.13,0.09,7.7,7.5
2011-05-15,3.31,0.07,7.7,7.6
2011-05-14,3.28,0.1,7.8,7.7
2011-05-13,3.88,0.12,7.7,7.3
2011-05-12,3.84,0.17,7.7,7.3
2011-05-11,3.84,0.13,7.7,6.9
2011-05-10,3.23,0.14,7.8,6.7
2011-05-09,4.2,0.12,7.7,7.1
2011-05-08,3.96,0.12,7.7,7.8
2011-05-07,4.03,0.07,7.7,8.0
2011-05-06,4.32,0.08,7.8,8.3
2011-05-05,3.84,0.06,7.8,8.3
2011-05-04,4.73,0.12,7.8,8.0
2011-05-03,4.64,0.14,7.7,7.7
2011-05-02,3.92,0.08,8.0,7.6
2011-05-01,4.04,0.1,7.8,7.6
2011-04-30,4.36,0.1,7.8,8.3
2011-04-29,4.64,0.08,7.7,7.9
2011-04-28,4.0,0.14,7.8,8.2
2011-04-27,4.28,0.12,7.8,10.0
2011-04-26,4.68,0.12,7.8,8.5
2011-04-25,4.2,0.14,7.8,8.9
2011-04-24,4.26,0.16,7.8,8.5
2011-04-23,4.31,0.11,7.8,8.5
2011-04-22,4.56,0.18,7.7,8.6
2011-04-21,4.4,0.09,7.9,8.6
2011-04-20,4.62,0.12,7.9,9.2
2011-04-19,4.44,0.13,7.8,8.5
2011-04-18,4.28,0.11,7.9,8.6
2011-04-17,4.88,0.11,7.9,8.5
2011-04-16,4.75,0.14,7.9,8.7
2011-04-15,3.67,0.1,7.8,8.8
2011-04-14,4.32,0.1,7.8,9.2
2011-04-13,3.92,0.1,7.7,9.2
2011-04-12,4.04,0.11,7.8,9.3
2011-04-11,4.36,0.1,7.7,9.1
2011-04-10,4.08,0.1,7.7,9.5
2011-04-09,3.68,0.13,7.8,9.2
2011-04-08,3.74,0.1,7.8,9.6
2011-04-07,3.68,0.12,7.7,9.4
2011-04-06,4.4,0.15,7.7,9.9
2011-04-05,4.16,0.08,7.8,9.9
2011-04-04,4.08,0.11,7.8,10.0
2011-04-03,3.84,0.11,7.7,9.6
2011-04-02,4.83,0.06,8.3,10.3
2011-04-01,4.08,0.09,8.2,9.8
2011-03-31,3.19,0.09,7.9,9.9
2011-03-30,3.6,0.06,7.9,10.1
2011-03-29,4.12,0.08,8.1,10.5
2011-03-28,4.12,0.08,8.1,10.3
2011-03-27,4.2,0.2,7.7,10.3
2011-03-26,4.43,0.11,7.7,10.4
2011-03-25,4.56,0.18,7.7,10.5
2011-03-24,4.15,0.17,7.7,10.6
2011-03-23,3.96,0.23,7.7,10.5
2011-03-22,4.18,0.24,7.7,10.7
2011-03-21,3.52,0.18,7.7,10.6
2011-03-20,3.12,0.16,7.7,10.2
2011-03-19,3.86,0.25,7.7,10.1
2011-03-18,4.58,0.16,7.7,11.3
2011-03-17,4.99,0.2,7.8,10.7
2011-03-16,4.04,0.26,7.7,10.5
2011-03-15,4.28,0.29,7.8,10.7
2011-03-14,3.88,0.23,7.8,10.3
2011-03-13,4.24,0.25,7.9,11.1
2011-03-12,3.55,0.28,7.9,10.7
2011-03-11,3.47,0.23,7.8,11.1
2011-03-10,3.42,0.17,7.9,11.8
2011-03-09,3.45,0.16,7.8,11.2
2011-03-08,3.12,0.2,7.8,11.3
2011-03-07,3.18,0.21,7.8,11.2
2011-03-06,3.71,0.22,8.0,11.7
2011-03-05,3.71,0.2,8.2,11.9
2011-03-04,3.71,0.24,8.1,11.5
2011-03-03,3.52,0.23,8.0,11.7
2011-03-02,4.12,0.26,7.9,11.6
2011-03-01,3.24,0.18,8.1,10.8
2011-02-28,3.24,0.18,8.2,11.0
2011-02-27,3.65,0.15,8.1,11.0
2011-02-26,4.98,0.1,8.1,11.5
2011-02-25,5.38,0.56,8.2,12.2
2011-02-24,5.06,0.54,8.2,11.9
2011-02-23,4.96,0.75,8.0,12.1
2011-02-22,5.49,0.56,8.0,13.2
2011-02-21,5.46,0.65,8.1,12.3
2011-02-20,5.38,0.62,8.1,12.9
2011-02-19,5.17,0.45,8.1,12.5
2011-02-18,5.33,0.64,7.9,13.2
2011-02-17,6.14,0.83,8.0,12.8
2011-02-16,5.41,0.75,8.2,12.7
2011-02-15,5.33,0.58,8.0,12.9
2011-02-14,5.22,0.45,8.2,12.5
2011-02-13,5.49,0.63,8.2,12.7
2011-02-12,4.73,0.22,8.2,12.7
2011-02-11,4.33,0.24,7.8,11.5
2011-02-10,4.12,0.35,8.2,12.0
2011-02-09,4.56,0.12,8.2,13.4
2011-02-08,4.24,0.16,8.3,12.8
2011-02-07,4.08,0.25,8.3,12.8
2011-02-06,3.7,0.13,8.3,13.6
2011-02-05,4.61,0.1,8.2,13.3
2011-02-04,4.12,0.18,8.3,13.3
2011-02-03,4.51,0.27,8.3,13.6
2011-02-02,4.57,0.37,7.9,13.8
2011-02-01,4.89,0.6,7.7,13.9
2011-01-31,4.89,0.7,7.7,13.5
2011-01-30,4.57,0.53,7.9,13.8
2011-01-29,4.65,0.49,7.9,13.0
2011-01-28,4.73,0.38,8.3,15.0
2011-01-27,4.73,0.57,8.3,14.2
2011-01-26,4.08,0.34,7.9,13.4
2011-01-25,4.89,0.69,7.7,13.9
2011-01-24,4.95,0.95,7.7,15.6
2011-01-23,4.81,0.81,7.7,14.8
2011-01-22,5.06,1.24,7.7,13.4
2011-01-21,5.06,0.98,7.8,14.8
2011-01-20,5.06,0.82,7.6,15.0
2011-01-19,4.89,0.45,7.7,15.4
2011-01-18,4.74,0.17,7.8,15.2
2011-01-17,3.83,0.11,8.2,15.0
2011-01-16,4.14,0.13,8.0,14.6
2011-01-15,3.6,0.14,8.3,13.8
2011-01-14,4.1,0.19,7.8,14.1
2011-01-13,3.83,0.23,7.8,13.7
2011-01-12,4.73,0.16,7.6,14.1
2011-01-11,4.57,0.15,7.7,14.1
2011-01-10,3.32,0.3,7.7,14.1
2011-01-09,3.55,0.3,7.7,13.5
2011-01-08,3.76,0.34,7.7,13.8
2011-01-07,3.8,0.28,7.7,14.0
2011-01-06,4.08,0.28,7.7,13.1
2011-01-05,4.04,0.21,7.7,13.4
2011-01-04,4.4,0.23,7.7,13.5
2011-01-03,4.0,0.2,7.7,13.7
2011-01-02,4.4,0.2,7.7,13.9
2011-01-01,4.12,0.13,7.7,13.7
2010-12-31,4.16,0.28,7.7,12.3
2010-12-30,4.12,0.18,7.6,12.4
2010-12-29,4.28,0.13,7.6,11.9
2010-12-28,4.4,0.15,7.7,12.5
2010-12-27,4.55,0.26,7.7,13.0
2010-12-26,3.91,0.26,7.7,12.3
2010-12-25,4.28,0.2,7.7,12.1
2010-12-24,4.36,0.14,7.7,12.3
2010-12-23,4.24,0.06,7.6,12.5
2010-12-22,3.92,0.05,7.7,12.4
2010-12-21,4.04,0.08,7.7,12.2
2010-12-20,4.22,0.07,7.7,12.5
2010-12-19,4.0,0.07,7.6,12.4
2010-12-18,4.44,0.06,7.6,12.5
2010-12-17,4.16,0.06,7.7,12.2
2010-12-16,4.53,0.07,7.6,11.6
2010-12-15,4.21,0.07,7.6,11.4
2010-12-14,4.0,0.07,7.6,10.9
2010-12-13,4.0,0.05,7.8,10.8
2010-12-12,4.36,0.07,7.7,11.0
2010-12-11,4.5,0.06,7.8,11.2
2010-12-10,4.44,0.09,7.7,10.8
2010-12-09,4.0,0.06,7.7,10.5
2010-12-08,4.4,0.05,8.1,10.7
2010-12-07,4.97,0.07,8.1,10.3
2010-12-06,4.56,0.06,8.3,10.2
2010-12-05,4.29,0.04,8.3,10.2
2010-12-04,4.28,0.05,8.4,9.9
2010-12-03,4.53,0.06,8.5,10.4
2010-12-02,4.43,0.06,8.5,10.3
2010-12-01,4.38,0.05,8.3,10.0
2010-11-30,4.36,0.05,8.3,10.11
2010-11-29,4.61,0.07,8.3,10.3
2010-11-28,4.6,0.08,8.3,10.1
2010-11-27,4.03,0.03,8.4,10.3
2010-11-26,4.12,0.04,8.4,10.3
2010-11-25,4.12,0.05,8.3,10.4
2010-11-24,4.2,0.05,8.3,10.3
2010-11-23,4.07,0.03,8.2,9.8
2010-11-22,4.12,0.05,8.4,10.0
2010-11-21,4.08,0.06,8.3,10.2
2010-11-20,4.03,0.07,8.4,10.4
2010-11-19,4.6,0.03,8.3,10.1
2010-11-18,4.0,0.09,8.3,9.9
2010-11-17,4.08,0.05,8.2,9.4
2010-11-16,4.52,0.05,8.2,9.3
2010-11-15,4.28,0.07,8.3,9.0
2010-11-14,4.08,0.06,8.5,9.8
2010-11-13,4.2,0.06,8.5,10.1
2010-11-12,4.03,0.05,8.5,10.1
2010-11-11,4.2,0.05,8.4,10.1
2010-11-10,4.36,0.06,8.2,9.3
2010-11-09,4.64,0.07,8.3,9.8
2010-11-08,4.03,0.07,8.3,9.9
2010-11-07,4.34,0.04,8.2,9.9
2010-11-06,4.57,0.06,7.9,9.7
2010-11-05,3.71,0.08,7.6,9.4
2010-11-04,3.83,0.13,7.8,9.2
2010-11-03,4.47,0.1,7.8,9.2
2010-11-02,4.73,0.09,7.8,9.2
2010-11-01,4.7,0.12,7.7,9.4
2010-10-31,4.85,0.12,7.7,9.6
2010-10-30,4.4,0.07,7.7,9.3
2010-10-29,4.69,0.1,7.7,9.1
2010-10-28,5.0,0.1,7.6,9.4
2010-10-27,4.9,0.14,7.6,9.3
2010-10-26,4.37,0.12,7.7,8.5
2010-10-25,4.69,0.11,8.1,8.2
2010-10-24,4.97,0.06,8.1,8.1
2010-10-23,4.81,0.07,8.2,8.0
2010-10-22,4.61,0.08,8.2,8.1
2010-10-21,4.33,0.1,8.0,7.9
2010-10-20,4.78,0.07,8.5,8.2
2010-10-19,4.4,0.08,8.5,8.2
2010-10-18,4.44,0.06,8.4,9.3
2010-10-17,4.37,0.09,8.4,9.1
2010-10-16,4.06,0.06,8.4,9.4
2010-10-15,4.2,0.09,8.3,8.8
2010-10-14,4.78,0.11,8.4,9.1
2010-10-13,4.48,0.07,8.4,8.7
2010-10-12,4.21,0.06,8.5,8.9
2010-10-11,4.2,0.06,8.5,8.8
2010-10-10,4.24,0.06,8.5,9.0
2010-10-09,4.44,0.06,8.5,8.7
2010-10-08,4.32,0.06,8.6,9.0
2010-10-07,4.12,0.04,8.5,8.9
2010-10-06,4.18,0.07,8.5,9.0
2010-10-05,4.03,0.06,8.4,8.4
2010-10-04,4.29,0.07,8.3,8.7
2010-10-03,4.36,0.05,8.3,8.1
2010-10-02,4.2,0.06,8.4,8.6
2010-10-01,4.24,0.07,8.3,8.3
2010-09-30,4.21,0.08,7.6,7.8
2010-09-29,3.98,0.05,7.6,7.8
2010-09-28,3.94,0.12,7.7,7.7
2010-09-27,4.24,0.14,7.6,7.3
2010-09-26,4.45,0.09,7.6,6.9
2010-09-25,4.28,0.13,7.5,6.7
2010-09-24,4.4,0.16,7.6,6.5
2010-09-23,4.65,0.21,7.6,5.9
2010-09-22,4.3,0.09,8.3,6.3
2010-09-21,3.88,0.1,8.2,6.2
2010-09-20,4.23,0.11,8.1,6.5
2010-09-19,4.52,0.1,8.1,6.5
2010-09-18,4.45,0.12,8.3,7.0
2010-09-17,3.96,0.09,8.4,7.2
2010-09-16,3.76,0.19,7.8,6.5
2010-09-15,4.44,0.17,7.8,6.0
2010-09-14,4.24,0.13,8.2,6.2
2010-09-13,4.08,0.16,8.1,6.0
2010-09-12,3.66,0.15,8.2,5.8
2010-09-11,3.91,0.12,8.3,5.9
2010-09-10,4.4,0.08,8.5,6.3
2010-09-09,4.44,0.09,8.4,7.0
2010-09-08,3.77,0.09,8.3,6.8
2010-09-07,4.04,0.09,8.3,7.0
2010-09-06,4.03,0.15,8.2,6.6
2010-09-05,3.95,0.13,8.2,6.2
2010-09-04,4.27,0.14,7.9,6.6
2010-09-03,4.36,0.15,8.0,5.8
2010-09-02,4.64,0.16,7.6,5.9
2010-09-01,4.57,0.17,7.9,6.0
2010-08-31,4.08,0.17,7.8,6.2
2010-08-30,4.72,0.1,7.6,5.4
2010-08-29,3.99,0.11,7.5,5.5
2010-08-28,3.8,0.14,7.7,5.7
2010-08-27,4.1,0.11,7.9,5.5
2010-08-26,4.0,0.08,8.2,5.2
2010-08-25,4.39,0.08,8.6,6.0
2010-08-24,4.2,0.06,8.5,6.0
2010-08-23,3.94,0.1,8.5,6.3
2010-08-22,4.0,0.07,8.1,5.7
2010-08-21,3.32,0.18,7.8,6.0
2010-08-20,3.56,0.19,7.8,6.0
2010-08-19,3.59,0.15,8.3,6.0
2010-08-18,3.56,0.1,8.4,5.6
2010-08-17,3.68,0.16,8.3,5.8
2010-08-16,3.92,0.11,8.2,5.9
2010-08-15,3.52,0.08,8.7,6.3
2010-08-14,3.55,0.07,8.9,6.3
2010-08-13,3.71,0.07,9.1,7.1
2010-08-12,3.39,0.05,8.9,7.2
2010-08-11,3.47,0.04,9.0,7.6
2010-08-10,3.45,0.07,8.8,6.9
2010-08-09,4.06,0.12,8.9,6.8
2010-08-08,3.86,0.12,8.6,6.1
2010-08-07,3.45,0.11,7.9,6.1
2010-08-06,3.59,0.12,8.2,5.8
2010-08-05,3.59,0.13,8.4,6.1
2010-08-04,3.64,0.16,8.4,5.9
2010-08-03,3.52,0.14,8.1,5.5
2010-08-02,3.46,0.11,8.6,6.0
2010-08-01,3.72,0.11,8.6,6.9
2010-07-31,3.6,0.14,8.6,6.7
2010-07-30,3.53,0.14,8.4,6.8
2010-07-29,3.44,0.11,7.8,6.3
2010-07-28,4.01,0.13,7.7,6.7
2010-07-27,3.82,0.15,7.9,6.3
2010-07-26,3.6,0.13,8.1,6.3
2010-07-25,3.98,0.11,7.8,6.1
2010-07-24,3.05,0.1,7.6,6.5
2010-07-23,3.05,0.11,7.7,6.2
2010-07-22,3.41,0.12,7.8,6.4
2010-07-21,3.24,0.09,7.7,6.3
2010-07-20,3.59,0.14,7.6,6.5
2010-07-19,3.15,0.11,7.6,6.4
2010-07-18,3.3,0.15,7.6,6.5
2010-07-17,3.58,0.13,7.5,6.4
2010-07-16,3.52,0.12,7.6,6.5
2010-07-15,3.75,0.16,7.7,6.7
2010-07-14,3.51,0.19,7.6,6.0
2010-07-13,3.25,0.19,7.8,5.9
2010-07-12,3.55,0.15,7.9,6.3
2010-07-11,3.52,0.16,8.2,6.3
2010-07-10,3.19,0.11,8.4,6.8
2010-07-09,3.78,0.06,8.2,6.7
2010-07-08,3.43,0.1,7.9,6.8
2010-07-07,3.37,0.1,7.8,6.9
2010-07-06,3.32,0.11,7.7,6.5
2010-07-05,3.5,0.14,7.6,6.3
2010-07-04,3.76,0.1,7.5,6.5
2010-07-03,3.37,0.11,7.7,6.4
2010-07-02,3.35,0.11,7.8,6.7
2010-07-01,3.23,0.1,7.8,7.2
2010-06-30,3.72,0.14,7.7,7.5
2010-06-29,3.48,0.14,7.6,7.7
2010-06-28,3.25,0.14,7.6,7.3
2010-06-27,3.32,0.16,7.6,7.0
2010-06-26,3.84,0.25,7.6,7.4
2010-06-25,3.68,0.15,7.7,7.4
2010-06-24,3.38,0.12,7.6,6.5
2010-06-23,3.24,0.13,7.7,6.7
2010-06-22,3.72,0.12,7.5,6.6
2010-06-21,3.55,0.13,7.5,6.6
2010-06-20,3.38,0.14,7.7,6.8
2010-06-19,3.28,0.11,7.6,6.7
2010-06-18,3.44,0.12,7.6,7.1
2010-06-17,3.47,0.15,7.6,6.8
2010-06-16,3.32,0.14,7.7,7.5
2010-06-15,3.1,0.14,7.6,7.4
2010-06-14,3.53,0.25,7.6,7.4
2010-06-13,3.34,0.22,7.6,7.8
2010-06-12,3.67,0.16,7.6,7.7
2010-06-11,3.98,0.15,7.6,7.8
2010-06-10,4.87,0.26,7.7,7.8
2010-06-09,4.89,0.17,7.5,7.4
2010-06-08,3.47,0.13,7.6,7.3
2010-06-07,3.72,0.08,7.7,7.3
2010-06-06,3.79,0.08,7.6,7.5
2010-06-05,3.51,0.09,7.6,7.5
2010-06-04,3.57,0.1,7.6,7.5
2010-06-03,3.54,0.07,7.6,7.5
2010-06-02,3.68,0.1,7.6,7.8
2010-06-01,3.29,0.1,7.7,7.6
2010-05-31,3.8,0.12,7.6,7.7
2010-05-30,3.47,0.13,7.6,7.7
2010-05-29,4.04,0.13,7.6,7.4
2010-05-28,4.04,0.14,7.6,7.4
2010-05-27,3.64,0.08,7.6,7.7
2010-05-26,3.33,0.1,7.7,7.6
2010-05-25,3.69,0.16,7.6,7.8
2010-05-24,4.93,0.19,7.5,7.8
2010-05-23,4.17,0.15,7.6,7.8
2010-05-22,3.59,0.1,7.5,7.6
2010-05-21,3.59,0.11,7.6,7.9
2010-05-20,3.81,0.1,7.6,7.6
2010-05-19,3.75,0.06,7.6,8.0
2010-05-18,3.75,0.12,7.6,8.2
2010-05-17,4.62,0.29,7.5,8.1
2010-05-16,4.4,0.15,7.6,8.3
2010-05-15,4.23,0.09,7.6,8.2
2010-05-14,4.1,0.15,7.6,8.0
2010-05-13,3.77,0.18,7.5,8.0
2010-05-12,3.87,0.2,7.5,7.9
2010-05-11,4.02,0.23,7.6,8.0
2010-05-10,3.84,0.08,7.5,8.2
2010-05-09,4.7,0.27,7.5,8.2
2010-05-08,4.07,0.07,7.6,7.6
2010-05-07,3.92,0.11,7.6,7.6
2010-05-06,3.57,0.12,7.6,7.5
2010-05-05,4.52,0.19,7.5,7.8
2010-05-04,5.46,0.12,7.7,8.1
2010-05-03,3.76,0.08,7.7,8.7
2010-05-02,3.34,0.07,7.6,8.6
2010-05-01,3.68,0.15,7.5,8.9
2010-04-30,3.88,0.18,7.5,8.6
2010-04-29,4.22,0.26,7.6,9.0
2010-04-28,4.27,0.15,7.5,9.1
2010-04-27,4.44,0.16,7.5,9.1
2010-04-26,3.92,0.17,7.5,9.3
2010-04-25,4.73,0.26,7.5,9.4
2010-04-24,3.84,0.16,7.5,9.4
2010-04-23,4.4,0.18,7.5,9.2
2010-04-22,4.6,0.2,7.5,9.5
2010-04-21,3.83,0.29,7.6,9.6
2010-04-20,3.74,0.23,7.5,9.7
2010-04-19,4.23,0.28,7.5,9.8
2010-04-18,4.36,0.53,7.5,9.8
2010-04-17,4.0,0.27,7.5,10.2
2010-04-16,3.88,0.17,7.5,10.3
2010-04-15,4.67,0.3,7.5,10.7
2010-04-14,4.56,0.15,7.5,9.7
2010-04-13,4.18,0.24,7.6,9.7
2010-04-12,3.94,0.2,7.5,9.7
2010-04-11,4.18,0.19,7.5,9.7
2010-04-10,4.4,0.2,7.5,9.5
2010-04-09,3.87,0.2,7.5,10.1
2010-04-08,4.02,0.13,7.5,9.7
2010-04-07,4.85,0.28,7.5,9.8
2010-04-06,3.72,0.08,7.5,9.8
2010-04-05,3.54,0.17,7.6,10.1
2010-04-04,4.62,0.23,7.5,9.8
2010-04-03,3.59,0.29,7.4,10.0
2010-04-02,3.78,0.3,7.5,10.0
2010-04-01,4.17,0.32,7.6,9.9
2010-03-31,4.75,0.34,7.6,10.1
2010-03-30,5.3,0.14,7.7,10.4
2010-03-29,4.62,0.13,7.7,10.4
2010-03-28,4.45,0.13,7.6,10.4
2010-03-27,4.52,0.15,7.5,10.5
2010-03-26,4.5,0.35,7.6,10.7
2010-03-25,4.11,0.24,7.6,10.3
2010-03-24,4.51,0.12,7.6,10.0
2010-03-23,4.58,0.19,7.6,10.2
2010-03-22,5.09,0.31,7.6,10.3
2010-03-21,4.12,0.16,7.6,10.4
2010-03-20,3.99,0.17,7.6,10.5
2010-03-19,4.61,0.18,7.7,11.2
2010-03-18,5.32,0.35,7.5,11.4
2010-03-17,5.15,0.26,7.6,11.1
2010-03-16,4.0,0.24,7.5,11.3
2010-03-15,4.4,0.2,7.6,11.7
2010-03-14,4.7,0.21,7.5,12.1
2010-03-13,4.89,0.22,7.6,12.3
2010-03-12,5.31,0.55,7.6,12.3
2010-03-11,5.44,0.17,7.5,12.4
2010-03-10,4.85,0.15,7.5,12.5
2010-03-09,4.69,0.12,7.6,12.9
2010-03-08,3.96,0.09,7.6,11.6
2010-03-07,4.28,0.15,7.5,11.8
2010-03-06,4.6,0.21,7.5,11.1
2010-03-05,5.02,0.18,7.6,11.3
2010-03-04,4.8,0.09,7.6,11.3
2010-03-03,4.59,0.11,7.7,10.9
2010-03-02,5.36,0.11,7.7,10.3
2010-03-01,5.15,0.1,7.7,10.9
2010-02-28,4.6,0.05,7.7,11.1
2010-02-27,4.51,0.08,7.6,10.9
2010-02-26,4.85,0.09,7.7,11.3
2010-02-25,5.31,0.1,7.9,12.2
2010-02-24,5.14,0.06,7.9,13.3
2010-02-23,4.7,0.09,7.7,12.5
2010-02-22,4.2,0.2,7.6,12.5
2010-02-21,4.72,0.14,7.6,12.5
2010-02-20,4.35,0.11,7.6,13.1
2010-02-19,4.99,0.07,7.7,13.2
2010-02-18,4.48,0.11,7.6,12.6
2010-02-17,5.06,0.12,7.5,12.7
2010-02-16,4.38,0.06,7.6,12.8
2010-02-15,5.44,0.17,7.6,12.7
2010-02-14,5.46,0.14,7.7,12.9
2010-02-13,5.22,0.12,7.5,11.6
2010-02-12,4.9,0.09,7.6,11.8
2010-02-11,5.24,0.06,7.7,11.3
2010-02-10,4.56,0.15,7.7,11.7
2010-02-09,4.77,0.09,7.7,11.5
2010-02-08,4.16,0.09,7.6,11.8
2010-02-07,4.73,0.13,7.6,12.1
2010-02-06,4.94,0.23,7.6,11.6
2010-02-05,5.06,0.16,7.6,12.1
2010-02-04,4.91,0.19,7.8,11.9
2010-02-03,5.0,0.33,7.6,12.1
2010-02-02,4.85,0.5,7.5,11.6
2010-02-01,5.65,0.48,7.5,11.5
2010-01-31,4.85,0.54,7.6,11.7
2010-01-30,5.25,0.5,7.5,12.0
2010-01-29,5.79,0.61,7.6,12.0
2010-01-28,5.41,0.66,7.5,12.0
2010-01-27,5.94,0.67,7.6,12.2
2010-01-26,5.65,0.65,7.6,12.3
2010-01-25,5.46,0.79,7.6,12.5
2010-01-24,5.84,0.81,7.6,12.4
2010-01-23,5.77,0.82,7.6,12.1
2010-01-22,5.79,0.68,7.7,12.4
2010-01-21,5.58,0.43,7.7,13.2
2010-01-20,5.87,0.35,7.8,13.1
2010-01-19,5.74,0.44,7.8,13.5
2010-01-18,6.12,0.5,7.7,13.4
2010-01-17,5.72,0.43,7.7,12.2
2010-01-16,6.03,0.42,7.7,10.3
2010-01-15,5.34,0.36,7.7,13.3
2010-01-14,5.49,0.33,7.7,12.8
2010-01-13,5.44,0.98,7.6,13.5
2010-01-12,5.76,1.16,7.6,12.2
2010-01-11,5.41,1.13,7.8,13.2
2010-01-10,5.92,1.15,7.7,13.5
2010-01-09,5.86,0.84,7.6,13.0
2010-01-08,5.82,0.9,7.7,13.3
2010-01-07,4.65,0.52,7.6,13.1
2010-01-06,4.8,0.41,7.6,11.9
2010-01-05,4.48,0.31,7.5,12.3
2010-01-04,5.76,0.38,7.7,11.4
2010-01-03,4.95,0.3,7.8,12.9
2010-01-02,5.12,0.29,7.7,10.6
2010-01-01,4.99,0.25,7.6,13.0
2009-12-31,5.35,0.27,7.6,11.2
2009-12-30,4.32,0.54,7.6,12.5
2009-12-29,5.06,0.26,7.6,12.8
2009-12-28,5.82,0.4,7.7,12.6
2009-12-27,5.98,0.44,7.7,12.1
2009-12-26,5.24,0.38,7.6,12.1
2009-12-25,4.85,0.23,7.6,11.7
2009-12-24,5.73,0.38,7.5,12.0
2009-12-23,5.41,0.41,7.5,12.4
2009-12-22,5.12,0.37,7.6,12.5
2009-12-21,5.08,0.27,7.7,12.4
2009-12-20,4.64,0.3,7.5,11.9
2009-12-19,5.2,0.31,7.5,11.2
2009-12-18,5.04,0.37,7.6,11.6
2009-12-17,4.6,0.39,7.6,11.1
2009-12-16,4.71,0.38,7.6,9.2
2009-12-15,5.38,0.35,7.6,9.7
2009-12-14,4.81,0.35,7.6,11.4
2009-12-13,4.77,0.29,7.5,10.8
2009-12-12,4.36,0.33,7.6,12.4
2009-12-11,4.8,0.25,7.6,11.5
2009-12-10,4.77,0.35,7.6,11.4
2009-12-09,4.96,0.19,7.5,10.8
2009-12-08,4.65,0.21,7.6,11.6
2009-12-07,5.22,0.21,7.6,11.9
2009-12-06,4.77,0.39,7.6,12.0
2009-12-05,5.47,0.4,7.5,11.9
2009-12-04,4.97,0.29,7.5,12.4
2009-12-03,5.25,0.27,7.6,11.7
2009-12-02,4.48,0.28,7.6,12.4
2009-12-01,4.75,0.3,7.5,12.3
2009-11-30,4.3,0.35,7.6,11.9
2009-11-29,5.14,0.34,7.5,11.8
2009-11-28,4.77,0.31,7.5,10.9
2009-11-27,4.48,0.16,7.6,11.7
2009-11-26,4.28,0.22,7.6,11.3
2009-11-25,5.01,0.34,7.5,11.2
2009-11-24,4.97,0.37,7.6,10.7
2009-11-23,4.97,0.22,7.5,11.1
2009-11-22,4.73,0.25,7.5,10.6
2009-11-21,5.25,0.26,7.5,10.5
2009-11-20,4.79,0.28,7.5,11.0
2009-11-19,4.96,0.2,7.5,10.9
2009-11-18,5.24,0.25,7.6,10.3
2009-11-17,5.01,0.24,7.6,9.5
2009-11-16,4.68,0.26,7.6,9.5
2009-11-15,5.61,0.27,7.6,9.6
2009-11-14,6.75,0.28,7.5,9.2
2009-11-13,5.25,0.39,7.5,9.1
2009-11-12,4.78,0.29,7.6,8.6
2009-11-11,5.74,0.16,7.5,9.0
2009-11-10,5.17,0.28,7.6,7.4
2009-11-09,4.85,0.17,7.5,7.8
2009-11-08,4.85,0.13,7.6,8.3
2009-11-07,5.28,0.09,7.6,5.3
2009-11-06,5.92,0.18,7.6,8.5
2009-11-05,5.21,0.23,7.5,8.7
2009-11-04,5.44,0.18,7.7,8.8
2009-11-03,5.64,0.15,7.7,8.6
2009-11-02,5.46,0.15,7.6,8.1
2009-11-01,5.66,0.13,7.7,8.0
2009-10-31,5.01,0.11,8.0,7.6
2009-10-30,5.38,0.13,8.4,7.6
2009-10-29,5.32,0.13,8.3,7.7
2009-10-28,5.49,0.06,8.7,8.4
2009-10-27,5.79,0.09,8.8,8.7
2009-10-26,5.76,0.12,8.8,8.2
2009-10-25,4.97,0.13,8.6,8.1
2009-10-24,5.68,0.09,8.7,8.0
2009-10-23,5.03,0.1,8.7,8.2
2009-10-22,5.14,0.12,8.8,8.8
2009-10-21,6.06,0.1,8.9,8.5
2009-10-20,5.21,0.11,8.9,8.7
2009-10-19,5.82,0.13,9.0,8.9
2009-10-18,5.82,0.09,8.9,8.7
2009-10-17,5.78,0.11,8.9,9.8
2009-10-16,4.64,0.11,8.6,9.0
2009-10-15,5.19,0.07,8.6,8.9
2009-10-14,5.46,0.1,8.8,8.3
2009-10-13,4.68,0.14,8.5,8.1
2009-10-12,5.45,0.12,8.8,8.7
2009-10-11,5.48,0.1,8.8,8.2
2009-10-10,5.49,0.08,8.7,7.8
2009-10-09,5.52,0.1,8.5,7.5
2009-09-30,4.8,0.1,8.1,7.5
2009-09-29,4.5,0.05,7.8,7.2
2009-09-28,4.84,0.1,7.8,7.4
2009-09-27,4.48,0.11,7.7,7.2
2009-09-26,4.56,0.07,7.8,7.31
2009-09-25,5.15,0.06,8.2,7.6
2009-09-24,4.8,0.15,7.7,7.2
2009-09-23,4.72,0.11,7.6,6.8
2009-09-22,4.88,0.19,7.7,7.0
2009-09-21,4.88,0.08,8.3,7.5
2009-09-20,4.79,0.08,7.8,7.3
2009-09-19,4.61,0.24,7.6,7.2
2009-09-18,4.47,0.16,7.6,6.7
2009-09-17,4.54,0.13,7.9,6.9
2009-09-16,4.85,0.15,8.0,6.6
2009-09-15,4.69,0.12,8.5,7.0
2009-09-14,4.26,0.12,8.4,7.3
2009-09-13,5.16,0.05,8.2,6.8
2009-09-12,4.77,0.1,8.4,6.7
2009-09-11,4.85,0.1,8.3,6.7
2009-09-10,4.36,0.11,8.6,6.8
2009-09-09,4.84,0.06,8.7,6.6
2009-09-08,4.4,0.08,8.7,6.9
2009-09-07,3.92,0.2,8.7,8.2
2009-09-06,4.43,0.17,8.7,7.5
2009-09-05,4.29,0.17,8.4,7.3
2009-09-04,4.36,0.09,7.9,7.0
2009-09-03,3.66,0.16,7.7,7.0
2009-09-02,3.42,0.15,7.7,6.5
2009-09-01,3.4,0.1,7.7,7.0
